,symbol,baseAsset,quoteAsset,minPrice,maxPrice,rate
0,ETHBTC,ETH,BTC,0.000001,922327.0,0.0732315
1,LTCBTC,LTC,BTC,0.00000100,100000.00000000,0.00448950
2,BNBBTC,BNB,BTC,0.00000100,100000.00000000,0.01697750
3,NEOBTC,NEO,BTC,0.00000100,100000.00000000,0.00041200
4,QTUMETH,QTUM,ETH,0.00000100,1000.00000000,0.00172900
5,EOSETH,EOS,ETH,0.00000100,1000.00000000,0.00079650
6,SNTETH,SNT,ETH,0.00000001,1000.00000000,0.00001814
7,BNTETH,BNT,ETH,0.00000100,1000.00000000,0.00029900
9,GASBTC,GAS,BTC,0.00000010,1000.00000000,0.00012875
10,BNBETH,BNB,ETH,0.00010000,1000.00000000,0.23190000
11,BTCUSDT,BTC,USDT,0.01000000,1000000.00000000,16822.78500000
12,ETHUSDT,ETH,USDT,0.01000000,1000000.00000000,1231.88500000
19,WTCBTC,WTC,BTC,0.00000001,1000.00000000,0.00001328
21,LRCBTC,LRC,BTC,0.00000001,1000.00000000,0.00001443
22,LRCETH,LRC,ETH,0.00000001,1000.00000000,0.00019730
23,QTUMBTC,QTUM,BTC,0.00000010,1000.00000000,0.00012660
25,OMGBTC,OMG,BTC,0.00000010,1000.00000000,0.00006895
26,OMGETH,OMG,ETH,0.00000100,1000.00000000,0.00094050
27,ZRXBTC,ZRX,BTC,0.00000001,1000.00000000,0.00001099
28,ZRXETH,ZRX,ETH,0.00000010,1000.00000000,0.00015045
35,KNCBTC,KNC,BTC,0.00000001,1000.00000000,0.00003719
36,KNCETH,KNC,ETH,0.00000010,1000.00000000,0.00050680
38,FUNETH,FUN,ETH,0.00000001,1000.00000000,0.00000516
39,SNMBTC,SNM,BTC,0.00000001,1000.00000000,0.00004102
41,NEOETH,NEO,ETH,0.00001000,1000.00000000,0.00562500
42,IOTABTC,IOTA,BTC,0.00000001,1000.00000000,0.00001228
43,IOTAETH,IOTA,ETH,0.00000010,1000.00000000,0.00016785
44,LINKBTC,LINK,BTC,0.00000010,1000.00000000,0.00040885
45,LINKETH,LINK,ETH,0.00000100,1000.00000000,0.00558400
47,XVGETH,XVG,ETH,0.00000001,1000.00000000,0.00000200
52,MTLBTC,MTL,BTC,0.00000001,1000.00000000,0.00004332
53,MTLETH,MTL,ETH,0.00000010,1000.00000000,0.00059310
56,EOSBTC,EOS,BTC,0.00000010,1000.00000000,0.00005835
57,SNTBTC,SNT,BTC,0.00000001,1000.00000000,0.00000132
58,ETCETH,ETC,ETH,0.00001000,1000.00000000,0.01528000
59,ETCBTC,ETC,BTC,0.00000100,1000.00000000,0.00111950
65,ZECBTC,ZEC,BTC,0.00000100,1000.00000000,0.00262950
66,ZECETH,ZEC,ETH,0.00001000,1000.00000000,0.03593000
67,BNTBTC,BNT,BTC,0.00000001,1000.00000000,0.00002194
68,ASTBTC,AST,BTC,0.00000001,1000.00000000,0.00000616
70,DASHBTC,DASH,BTC,0.00000100,1000.00000000,0.00262550
71,DASHETH,DASH,ETH,0.00001000,1000.00000000,0.03582500
72,OAXBTC,OAX,BTC,0.00000001,1000.00000000,0.00001325
78,REQBTC,REQ,BTC,0.00000001,1000.00000000,0.00000546
80,VIBBTC,VIB,BTC,0.00000001,1000.00000000,0.00000456
81,VIBETH,VIB,ETH,0.00000001,1000.00000000,0.00006222
83,TRXBTC,TRX,BTC,0.00000001,1000.00000000,0.00000318
84,TRXETH,TRX,ETH,0.00000001,1000.00000000,0.00004338
85,POWRBTC,POWR,BTC,0.00000001,1000.00000000,0.00000866
86,POWRETH,POWR,ETH,0.00000010,1000.00000000,0.00011820
90,XRPBTC,XRP,BTC,0.00000001,1000.00000000,0.00002290
91,XRPETH,XRP,ETH,0.00000010,1000.00000000,0.00031280
94,ENJBTC,ENJ,BTC,0.00000001,1000.00000000,0.00001779
95,ENJETH,ENJ,ETH,0.00000010,1000.00000000,0.00024295
96,STORJBTC,STORJ,BTC,0.00000001,1000.00000000,0.00001869
98,BNBUSDT,BNB,USDT,0.10000000,100000.00000000,285.65000000
104,KMDBTC,KMD,BTC,0.00000001,1000.00000000,0.00001240
110,NULSBTC,NULS,BTC,0.00000001,1000.00000000,0.00001110
115,XMRBTC,XMR,BTC,0.00000100,1000.00000000,0.00859100
116,XMRETH,XMR,ETH,0.00001000,1000.00000000,0.11730500
121,AMBBTC,AMB,BTC,0.00000001,1000.00000000,0.00000072
127,BATBTC,BAT,BTC,0.00000001,1000.00000000,0.00001327
128,BATETH,BAT,ETH,0.00000010,1000.00000000,0.00018110
141,NEOUSDT,NEO,USDT,0.01000000,10000.00000000,6.93500000
142,NEOBNB,NEO,BNB,0.00010000,10000.00000000,0.02425000
148,BTSBTC,BTS,BTC,0.00000001,1000.00000000,0.00000058
154,LSKBTC,LSK,BTC,0.00000001,1000.00000000,0.00004742
155,LSKETH,LSK,ETH,0.00000100,1000.00000000,0.00064800
161,MANABTC,MANA,BTC,0.00000001,1000.00000000,0.00002372
162,MANAETH,MANA,ETH,0.00000010,1000.00000000,0.00032385
167,IOTABNB,IOTA,BNB,0.00000100,1000.00000000,0.00072350
168,ADXBTC,ADX,BTC,0.00000001,1000.00000000,0.00000792
169,ADXETH,ADX,ETH,0.00000010,1000.00000000,0.00010825
171,ADABTC,ADA,BTC,0.00000001,1000.00000000,0.00001850
172,ADAETH,ADA,ETH,0.00000010,1000.00000000,0.00025270
178,XLMBTC,XLM,BTC,0.00000001,1000.00000000,0.00000501
179,XLMETH,XLM,ETH,0.00000010,1000.00000000,0.00006835
180,XLMBNB,XLM,BNB,0.00000010,1000.00000000,0.00029490
186,WABIBTC,WABI,BTC,0.00000001,1000.00000000,0.00000868
189,LTCETH,LTC,ETH,0.00001000,1000.00000000,0.06130500
190,LTCUSDT,LTC,USDT,0.01000000,100000.00000000,75.50500000
191,LTCBNB,LTC,BNB,0.00010000,1000.00000000,0.26450000
194,WAVESBTC,WAVES,BTC,0.00000010,1000.00000000,0.00013975
195,WAVESETH,WAVES,ETH,0.00000100,1000.00000000,0.00190800
196,WAVESBNB,WAVES,BNB,0.00001000,1000.00000000,0.00823500
200,ICXBTC,ICX,BTC,0.00000001,1000.00000000,0.00001048
201,ICXETH,ICX,ETH,0.00000010,1000.00000000,0.00014335
206,ELFBTC,ELF,BTC,0.00000001,1000.00000000,0.00000766
207,ELFETH,ELF,ETH,0.00000010,1000.00000000,0.00010445
208,AIONBTC,AION,BTC,0.00000001,1000.00000000,0.00000204
211,NEBLBTC,NEBL,BTC,0.00000001,1000.00000000,0.00011142
234,RLCBTC,RLC,BTC,0.00000001,1000.00000000,0.00006136
235,RLCETH,RLC,ETH,0.00000100,1000.00000000,0.00083750
239,PIVXBTC,PIVX,BTC,0.00000001,1000.00000000,0.00001545
241,IOSTBTC,IOST,BTC,0.00000001,1000.00000000,0.00000049
242,IOSTETH,IOST,ETH,0.00000001,1000.00000000,0.00000677
245,STEEMBTC,STEEM,BTC,0.00000001,1000.00000000,0.00001021
246,STEEMETH,STEEM,ETH,0.00000010,1000.00000000,0.00013930
254,BLZBTC,BLZ,BTC,0.00000001,1000.00000000,0.00000373
255,BLZETH,BLZ,ETH,0.00000001,1000.00000000,0.00005094
269,ZILBTC,ZIL,BTC,0.00000001,1000.00000000,0.00000130
270,ZILETH,ZIL,ETH,0.00000001,1000.00000000,0.00001780
271,ZILBNB,ZIL,BNB,0.00000010,1000.00000000,0.00007680
272,ONTBTC,ONT,BTC,0.00000001,1000.00000000,0.00001060
273,ONTETH,ONT,ETH,0.00000010,1000.00000000,0.00014480
279,QTUMUSDT,QTUM,USDT,0.00100000,10000.00000000,2.12950000
283,WANBTC,WAN,BTC,0.00000001,1000.00000000,0.00001058
284,WANETH,WAN,ETH,0.00000010,1000.00000000,0.00014435
288,QLCBTC,QLC,BTC,0.00000001,1000.00000000,0.00000330
290,SYSBTC,SYS,BTC,0.00000001,1000.00000000,0.00000692
297,ADABNB,ADA,BNB,0.00000100,1000.00000000,0.00109000
303,LOOMBTC,LOOM,BTC,0.00000001,1000.00000000,0.00000286
304,LOOMETH,LOOM,ETH,0.00000001,1000.00000000,0.00003895
306,XRPUSDT,XRP,USDT,0.00010000,10000.00000000,0.38545000
317,ZENBTC,ZEN,BTC,0.00000100,1000.00000000,0.00059800
318,ZENETH,ZEN,ETH,0.00001000,1000.00000000,0.00817000
319,ZENBNB,ZEN,BNB,0.00010000,10000.00000000,0.03525000
323,EOSUSDT,EOS,USDT,0.00100000,1000.00000000,0.98150000
324,EOSBNB,EOS,BNB,0.00001000,1000.00000000,0.00343500
325,CVCBTC,CVC,BTC,0.00000001,1000.00000000,0.00000571
328,THETABTC,THETA,BTC,0.00000010,1000.00000000,0.00005110
329,THETAETH,THETA,ETH,0.00000100,1000.00000000,0.00069800
330,THETABNB,THETA,BNB,0.00001000,1000.00000000,0.00301000
331,XRPBNB,XRP,BNB,0.00000100,1000.00000000,0.00134950
334,XLMUSDT,XLM,USDT,0.00010000,1000.00000000,0.08425000
335,IOTXBTC,IOTX,BTC,0.00000001,1000.00000000,0.00000134
336,IOTXETH,IOTX,ETH,0.00000001,1000.00000000,0.00001834
337,QKCBTC,QKC,BTC,0.00000001,1000.00000000,0.00000051
338,QKCETH,QKC,ETH,0.00000001,1000.00000000,0.00000696
345,ENJBNB,ENJ,BNB,0.00000100,1000.00000000,0.00104800
346,DATABTC,DATA,BTC,0.00000001,1000.00000000,0.00000156
348,ONTUSDT,ONT,USDT,0.00010000,1000.00000000,0.17810000
349,TRXBNB,TRX,BNB,0.00000010,1000.00000000,0.00018715
350,TRXUSDT,TRX,USDT,0.00001000,1000.00000000,0.05344500
351,ETCUSDT,ETC,USDT,0.01000000,10000.00000000,18.82500000
352,ETCBNB,ETC,BNB,0.00010000,1000.00000000,0.06595000
353,ICXUSDT,ICX,USDT,0.00010000,1000.00000000,0.17645000
355,SCETH,SC,ETH,0.00000001,1000.00000000,0.00000206
360,KEYETH,KEY,ETH,0.00000001,1000.00000000,0.00000288
365,MFTETH,MFT,ETH,0.00000001,1000.00000000,0.00000562
368,DENTETH,DENT,ETH,0.00000001,1000.00000000,0.00000057
369,ARDRBTC,ARDR,BTC,0.00000001,1000.00000000,0.00000442
372,NULSUSDT,NULS,USDT,0.00010000,1000.00000000,0.18650000
374,HOTETH,HOT,ETH,0.00000001,1000.00000000,0.00000138
375,VETBTC,VET,BTC,0.00000001,1000.00000000,0.00000111
376,VETETH,VET,ETH,0.00000001,1000.00000000,0.00001524
377,VETUSDT,VET,USDT,0.00001000,1000.00000000,0.01876500
378,VETBNB,VET,BNB,0.00000010,1000.00000000,0.00006570
379,DOCKBTC,DOCK,BTC,0.00000001,1000.00000000,0.00000094
394,RVNBTC,RVN,BTC,0.00000001,1000.00000000,0.00000132
395,DCRBTC,DCR,BTC,0.00000100,1000.00000000,0.00123500
410,RENBTC,REN,BTC,0.00000001,1000.00000000,0.00000520
426,TRXXRP,TRX,XRP,0.00001000,1000.00000000,0.13864500
431,LINKUSDT,LINK,USDT,0.00100000,10000.00000000,6.87650000
435,WAVESUSDT,WAVES,USDT,0.00100000,10000.00000000,2.35150000
463,ONGBTC,ONG,BTC,0.00000001,1000.00000000,0.00001506
464,ONGUSDT,ONG,USDT,0.00010000,1000.00000000,0.25330000
466,HOTUSDT,HOT,USDT,0.00000100,1000.00000000,0.00169600
467,ZILUSDT,ZIL,USDT,0.00001000,1000.00000000,0.02193500
469,ZRXUSDT,ZRX,USDT,0.00010000,1000.00000000,0.18485000
470,FETBNB,FET,BNB,0.00000100,1000.00000000,0.00026200
471,FETBTC,FET,BTC,0.00000001,1000.00000000,0.00000446
472,FETUSDT,FET,USDT,0.00010000,1000.00000000,0.07495000
473,BATUSDT,BAT,USDT,0.00010000,1000.00000000,0.22330000
474,XMRBNB,XMR,BNB,0.00010000,1000.00000000,0.50620000
475,XMRUSDT,XMR,USDT,0.10000000,100000.00000000,144.55000000
476,ZECBNB,ZEC,BNB,0.00010000,1000.00000000,0.15490000
477,ZECUSDT,ZEC,USDT,0.10000000,100000.00000000,44.25000000
481,IOSTUSDT,IOST,USDT,0.00001000,1000.00000000,0.00833500
482,CELRBNB,CELR,BNB,0.00000001,1000.00000000,0.00004188
483,CELRBTC,CELR,BTC,0.00000001,1000.00000000,0.00000072
484,CELRUSDT,CELR,USDT,0.00001000,10000.00000000,0.01195500
489,DASHBNB,DASH,BNB,0.00010000,1000.00000000,0.15470000
490,DASHUSDT,DASH,USDT,0.01000000,100000.00000000,44.17500000
493,OMGUSDT,OMG,USDT,0.00100000,1000.00000000,1.15950000
495,ENJUSDT,ENJ,USDT,0.00010000,1000.00000000,0.29925000
496,MITHUSDT,MITH,USDT,0.00001000,1000.00000000,0.01166500
497,MATICBNB,MATIC,BNB,0.00000100,1000.00000000,0.00313600
498,MATICBTC,MATIC,BTC,0.00000001,1000.00000000,0.00005322
499,MATICUSDT,MATIC,USDT,0.00010000,1000.00000000,0.89525000
500,ATOMBNB,ATOM,BNB,0.00001000,1000.00000000,0.03381000
501,ATOMBTC,ATOM,BTC,0.00000010,1000.00000000,0.00057405
502,ATOMUSDT,ATOM,USDT,0.00100000,10000.00000000,9.65350000
513,PHBBTC,PHB,BTC,0.00000001,1000.00000000,0.00003961
518,TFUELBTC,TFUEL,BTC,0.00000001,1000.00000000,0.00000258
519,TFUELUSDT,TFUEL,USDT,0.00010000,1000.00000000,0.04355000
523,ONEBNB,ONE,BNB,0.00000010,1000.00000000,0.00004955
524,ONEBTC,ONE,BTC,0.00000001,1000.00000000,0.00000084
525,ONEUSDT,ONE,USDT,0.00001000,1000.00000000,0.01414000
529,FTMBNB,FTM,BNB,0.00000010,1000.00000000,0.00081475
530,FTMBTC,FTM,BTC,0.00000001,1000.00000000,0.00001383
531,FTMUSDT,FTM,USDT,0.00010000,1000.00000000,0.23265000
539,ALGOBNB,ALGO,BNB,0.00000100,1000.00000000,0.00078150
540,ALGOBTC,ALGO,BTC,0.00000001,1000.00000000,0.00001327
541,ALGOUSDT,ALGO,USDT,0.00010000,100000.00000000,0.22325000
557,DOGEBTC,DOGE,BTC,0.00000001,1000.00000000,0.00000576
558,DOGEUSDT,DOGE,USDT,0.00001000,1000.00000000,0.09670500
562,DUSKBTC,DUSK,BTC,0.00000001,1000.00000000,0.00000545
563,DUSKUSDT,DUSK,USDT,0.00010000,1000.00000000,0.09165000
567,ANKRBNB,ANKR,BNB,0.00000010,1000.00000000,0.00007320
568,ANKRBTC,ANKR,BTC,0.00000001,1000.00000000,0.00000124
569,ANKRUSDT,ANKR,USDT,0.00001000,1000.00000000,0.02088500
575,WINBNB,WIN,BNB,0.00000001,100.00000000,0.00000030
577,WINUSDT,WIN,USDT,0.00000010,100.00000000,0.00008805
579,COSBNB,COS,BNB,0.00000001,1000.00000000,0.00001734
580,COSBTC,COS,BTC,0.00000001,1000.00000000,0.00000029
581,COSUSDT,COS,USDT,0.00001000,5000.00000000,0.00495000
585,COCOSBNB,COCOS,BNB,0.00000100,1000.00000000,0.00215600
587,COCOSUSDT,COCOS,USDT,0.00010000,1000.00000000,0.61555000
588,MTLUSDT,MTL,USDT,0.00100000,1000.00000000,0.72850000
590,TOMOBTC,TOMO,BTC,0.00000001,1000.00000000,0.00001866
591,TOMOUSDT,TOMO,USDT,0.00010000,1000.00000000,0.31325000
596,PERLUSDT,PERL,USDT,0.00001000,1000.00000000,0.01692000
597,DENTUSDT,DENT,USDT,0.00000100,1000.00000000,0.00069150
598,MFTUSDT,MFT,USDT,0.00000100,1000.00000000,0.00692650
599,KEYUSDT,KEY,USDT,0.00000100,1000.00000000,0.00353800
601,DOCKUSDT,DOCK,USDT,0.00001000,1000.00000000,0.01590500
602,WANUSDT,WAN,USDT,0.00010000,1000.00000000,0.17805000
603,FUNUSDT,FUN,USDT,0.00001000,1000.00000000,0.00637000
604,CVCUSDT,CVC,USDT,0.00010000,1000.00000000,0.09605000
606,WINTRX,WIN,TRX,0.00000100,100.00000000,0.00164800
607,CHZBNB,CHZ,BNB,0.00000010,1000.00000000,0.00053745
608,CHZBTC,CHZ,BTC,0.00000001,1000.00000000,0.00000913
609,CHZUSDT,CHZ,USDT,0.00010000,1000.00000000,0.15345000
611,BANDBTC,BAND,BTC,0.00000010,1000.00000000,0.00012790
612,BANDUSDT,BAND,USDT,0.00100000,10000.00000000,2.15050000
613,BNBBUSD,BNB,BUSD,0.10000000,100000.00000000,285.65000000
614,BTCBUSD,BTC,BUSD,0.01000000,1000000.00000000,16823.06500000
615,BUSDUSDT,BUSD,USDT,0.00010000,1000.00000000,0.99995000
618,BEAMUSDT,BEAM,USDT,0.00010000,1000.00000000,0.11580000
619,XTZBNB,XTZ,BNB,0.00000100,1000.00000000,0.00346350
620,XTZBTC,XTZ,BTC,0.00000001,1000.00000000,0.00005882
621,XTZUSDT,XTZ,USDT,0.00100000,1000.00000000,0.98950000
622,RENUSDT,REN,USDT,0.00000100,1000.00000000,0.08760950
623,RVNUSDT,RVN,USDT,0.00001000,1000.00000000,0.02216500
625,HBARBNB,HBAR,BNB,0.00000010,1000.00000000,0.00016535
626,HBARBTC,HBAR,BTC,0.00000001,1000.00000000,0.00000280
627,HBARUSDT,HBAR,USDT,0.00010000,1000.00000000,0.04725000
629,NKNBTC,NKN,BTC,0.00000001,1000.00000000,0.00000481
630,NKNUSDT,NKN,USDT,0.00010000,1000.00000000,0.08095000
631,XRPBUSD,XRP,BUSD,0.00010000,1000.00000000,0.38545000
632,ETHBUSD,ETH,BUSD,0.01000000,100000.00000000,1231.99500000
634,LTCBUSD,LTC,BUSD,0.01000000,100000.00000000,75.50500000
635,LINKBUSD,LINK,BUSD,0.00100000,10000.00000000,6.87550000
636,ETCBUSD,ETC,BUSD,0.01000000,10000.00000000,18.82500000
637,STXBNB,STX,BNB,0.00000100,1000.00000000,0.00088800
638,STXBTC,STX,BTC,0.00000001,1000.00000000,0.00001508
639,STXUSDT,STX,USDT,0.00100000,1000.00000000,0.25350000
640,KAVABNB,KAVA,BNB,0.00001000,1000.00000000,0.00294500
641,KAVABTC,KAVA,BTC,0.00000010,1000.00000000,0.00005000
646,ARPABNB,ARPA,BNB,0.00000010,1000.00000000,0.00009700
647,ARPABTC,ARPA,BTC,0.00000001,1000.00000000,0.00000164
649,TRXBUSD,TRX,BUSD,0.00001000,1000.00000000,0.05344500
650,EOSBUSD,EOS,BUSD,0.00100000,1000.00000000,0.98150000
651,IOTXUSDT,IOTX,USDT,0.00001000,1000.00000000,0.02257500
652,RLCUSDT,RLC,USDT,0.00100000,1000.00000000,1.03150000
654,XLMBUSD,XLM,BUSD,0.00010000,1000.00000000,0.08425000
655,ADABUSD,ADA,BUSD,0.00010000,1000.00000000,0.31125000
657,CTXCBTC,CTXC,BTC,0.00000001,1000.00000000,0.00000546
658,CTXCUSDT,CTXC,USDT,0.00010000,1000.00000000,0.09175000
659,BCHBNB,BCH,BNB,0.00100000,1000.00000000,0.38350000
660,BCHBTC,BCH,BTC,0.00001000,1000.00000000,0.00651500
661,BCHUSDT,BCH,USDT,0.10000000,100000.00000000,109.55000000
665,BCHBUSD,BCH,BUSD,0.10000000,100000.00000000,109.55000000
666,BTCRUB,BTC,RUB,1.00000000,100000000.00000000,1060519.00000000
667,ETHRUB,ETH,RUB,0.10000000,4000000.00000000,77664.75000000
668,XRPRUB,XRP,RUB,0.01000000,10000.00000000,24.30000000
669,BNBRUB,BNB,RUB,0.01000000,500000.00000000,18002.24000000
670,TROYBNB,TROY,BNB,0.00000001,1000.00000000,0.00000994
672,TROYUSDT,TROY,USDT,0.00000100,1000.00000000,0.00283900
673,BUSDRUB,BUSD,RUB,0.01000000,10000.00000000,63.03500000
674,QTUMBUSD,QTUM,BUSD,0.00100000,10000.00000000,2.12950000
675,VETBUSD,VET,BUSD,0.00001000,1000.00000000,0.01877500
677,VITEBTC,VITE,BTC,0.00000001,1000.00000000,0.00000144
678,VITEUSDT,VITE,USDT,0.00001000,1000.00000000,0.02434000
682,BTCTRY,BTC,TRY,1.00000000,10000000.00000000,318136.50000000
683,BNBTRY,BNB,TRY,1.00000000,1000000.00000000,5400.50000000
684,BUSDTRY,BUSD,TRY,0.01000000,1000.00000000,18.90500000
685,ETHTRY,ETH,TRY,1.00000000,600000.00000000,23300.00000000
686,XRPTRY,XRP,TRY,0.00100000,1000.00000000,7.28850000
687,USDTTRY,USDT,TRY,0.01000000,1000.00000000,18.90500000
688,USDTRUB,USDT,RUB,0.01000000,10000.00000000,63.04000000
689,BTCEUR,BTC,EUR,0.01000000,1000000.00000000,16001.92500000
690,ETHEUR,ETH,EUR,0.01000000,100000.00000000,1171.87500000
691,BNBEUR,BNB,EUR,0.10000000,10000.00000000,271.65000000
692,XRPEUR,XRP,EUR,0.00010000,1000.00000000,0.36675000
693,EURBUSD,EUR,BUSD,0.00010000,1000.00000000,1.05125000
694,EURUSDT,EUR,USDT,0.00010000,1000.00000000,1.05125000
696,OGNBTC,OGN,BTC,0.00000001,1000.00000000,0.00000608
697,OGNUSDT,OGN,USDT,0.00010000,1000.00000000,0.10225000
699,DREPBTC,DREP,BTC,0.00000001,1000.00000000,0.00001794
700,DREPUSDT,DREP,USDT,0.00010000,1000.00000000,0.30205000
712,WRXBNB,WRX,BNB,0.00000100,1000.00000000,0.00061250
713,WRXBTC,WRX,BTC,0.00000001,1000.00000000,0.00001040
714,WRXUSDT,WRX,USDT,0.00010000,1000.00000000,0.17485000
715,ICXBUSD,ICX,BUSD,0.00010000,1000.00000000,0.17640000
716,BTSUSDT,BTS,USDT,0.00001000,1000.00000000,0.00967500
718,LSKUSDT,LSK,USDT,0.00100000,1000.00000000,0.79900000
719,BNTUSDT,BNT,USDT,0.00100000,1000.00000000,0.36850000
720,BNTBUSD,BNT,BUSD,0.00100000,1000.00000000,0.36800000
722,LTOBTC,LTO,BTC,0.00000001,1000.00000000,0.00000460
723,LTOUSDT,LTO,USDT,0.00010000,1000.00000000,0.07725000
724,ATOMBUSD,ATOM,BUSD,0.00100000,10000.00000000,9.65350000
725,DASHBUSD,DASH,BUSD,0.01000000,100000.00000000,44.17500000
726,NEOBUSD,NEO,BUSD,0.01000000,10000.00000000,6.93500000
727,WAVESBUSD,WAVES,BUSD,0.00100000,10000.00000000,2.35200000
728,XTZBUSD,XTZ,BUSD,0.00100000,1000.00000000,0.98950000
737,BATBUSD,BAT,BUSD,0.00010000,1000.00000000,0.22335000
738,ENJBUSD,ENJ,BUSD,0.00010000,1000.00000000,0.29925000
740,ONTBUSD,ONT,BUSD,0.00010000,1000.00000000,0.17815000
741,RVNBUSD,RVN,BUSD,0.00001000,1000.00000000,0.02216500
746,AIONUSDT,AION,USDT,0.00001000,1000.00000000,0.03414500
749,MBLUSDT,MBL,USDT,0.00000100,1000.00000000,0.00263600
750,COTIBNB,COTI,BNB,0.00000010,1000.00000000,0.00024900
751,COTIBTC,COTI,BTC,0.00000001,1000.00000000,0.00000422
752,COTIUSDT,COTI,USDT,0.00010000,1000.00000000,0.07085000
753,ALGOBUSD,ALGO,BUSD,0.00010000,1000.00000000,0.22330000
755,TOMOBUSD,TOMO,BUSD,0.00010000,1000.00000000,0.31325000
756,XMRBUSD,XMR,BUSD,0.10000000,100000.00000000,144.65000000
757,ZECBUSD,ZEC,BUSD,0.10000000,100000.00000000,44.25000000
763,STPTBTC,STPT,BTC,0.00000001,1000.00000000,0.00000180
764,STPTUSDT,STPT,USDT,0.00001000,1000.00000000,0.03038500
765,BTCZAR,BTC,ZAR,1.00000000,99928191.00000000,292322.50000000
766,ETHZAR,ETH,ZAR,1.00000000,9999319.00000000,21423.50000000
769,BUSDZAR,BUSD,ZAR,0.01000000,10000.00000000,17.38000000
773,WTCUSDT,WTC,USDT,0.00010000,1000.00000000,0.22330000
774,DATABUSD,DATA,BUSD,0.00001000,1000.00000000,0.02630500
777,SOLBNB,SOL,BNB,0.00010000,1000.00000000,0.04735000
778,SOLBTC,SOL,BTC,0.00000010,1000.00000000,0.00080315
779,SOLUSDT,SOL,USDT,0.01000000,10000.00000000,13.50500000
780,SOLBUSD,SOL,BUSD,0.01000000,10000.00000000,13.50500000
783,USDTIDRT,USDT,IDRT,1.00,100099999.00,15689.50000000
785,CTSIBTC,CTSI,BTC,0.00000001,1000.00000000,0.00000723
786,CTSIUSDT,CTSI,USDT,0.00010000,1000.00000000,0.12165000
787,CTSIBNB,CTSI,BNB,0.00000100,1000.00000000,0.00042650
788,CTSIBUSD,CTSI,BUSD,0.00010000,1000.00000000,0.12170000
790,HIVEBTC,HIVE,BTC,0.00000001,1000.00000000,0.00002047
791,HIVEUSDT,HIVE,USDT,0.00010000,1000.00000000,0.34420000
792,CHRBNB,CHR,BNB,0.00000010,1000.00000000,0.00042425
793,CHRBTC,CHR,BTC,0.00000001,1000.00000000,0.00000720
794,CHRUSDT,CHR,USDT,0.00010000,1000.00000000,0.12105000
798,ARDRUSDT,ARDR,USDT,0.00010000,1000.00000000,0.07445000
801,HBARBUSD,HBAR,BUSD,0.00010000,1000.00000000,0.04725000
802,MATICBUSD,MATIC,BUSD,0.00010000,1000.00000000,0.89555000
803,WRXBUSD,WRX,BUSD,0.00010000,1000.00000000,0.17495000
804,ZILBUSD,ZIL,BUSD,0.00001000,1000.00000000,0.02194500
806,MDTBTC,MDT,BTC,0.00000001,1000.00000000,0.00000138
807,MDTUSDT,MDT,USDT,0.00001000,1000.00000000,0.02334500
808,STMXBTC,STMX,BTC,0.00000001,1000.00000000,0.00000029
809,STMXETH,STMX,ETH,0.00000001,1000.00000000,0.00000406
810,STMXUSDT,STMX,USDT,0.00000100,1000.00000000,0.00500350
811,KNCBUSD,KNC,BUSD,0.00100000,10000.00000000,0.62550000
812,KNCUSDT,KNC,USDT,0.00100000,10000.00000000,0.62550000
814,REPUSDT,REP,USDT,0.01000000,10000.00000000,5.33500000
815,LRCBUSD,LRC,BUSD,0.00010000,1000.00000000,0.24285000
816,LRCUSDT,LRC,USDT,0.00010000,1000.00000000,0.24285000
818,IQBUSD,IQ,BUSD,0.00001000,1000.00000000,0.00609000
820,PNTUSDT,PNT,USDT,0.00010000,1000.00000000,0.15445000
826,DGBBTC,DGB,BTC,0.00000001,1000.00000000,0.00000044
827,DGBBUSD,DGB,BUSD,0.00001000,1000.00000000,0.00738000
828,BTCUAH,BTC,UAH,1.00000000,51212504.00000000,662466.00000000
829,USDTUAH,USDT,UAH,0.01000000,100000.00000000,39.37000000
830,COMPBTC,COMP,BTC,0.00000100,1000.00000000,0.00226800
832,COMPBUSD,COMP,BUSD,0.01000000,100000.00000000,38.13000000
833,COMPUSDT,COMP,USDT,0.01000000,100000.00000000,38.14500000
834,BTCBIDR,BTC,BIDR,1.00,9000000000.00,263862762.50000000
835,ETHBIDR,ETH,BIDR,1.00,900000000.00,19320295.00000000
836,BNBBIDR,BNB,BIDR,1.00,50000000.00,4479227.50000000
837,BUSDBIDR,BUSD,BIDR,1.00,100099999.00,15681.50000000
838,USDTBIDR,USDT,BIDR,1.00,100099999.00,15685.50000000
841,SCUSDT,SC,USDT,0.00001000,1000.00000000,0.00254500
842,ZENUSDT,ZEN,USDT,0.01000000,100000.00000000,10.05500000
843,SXPBTC,SXP,BTC,0.00000001,1000.00000000,0.00001451
844,SXPBNB,SXP,BNB,0.00000100,1000.00000000,0.00085450
845,SXPBUSD,SXP,BUSD,0.00010000,1000.00000000,0.24395000
846,SNXBTC,SNX,BTC,0.00000010,1000.00000000,0.00011630
847,SNXBNB,SNX,BNB,0.00001000,1000.00000000,0.00685500
848,SNXBUSD,SNX,BUSD,0.00100000,10000.00000000,1.95700000
849,SNXUSDT,SNX,USDT,0.00100000,10000.00000000,1.95750000
858,VTHOUSDT,VTHO,USDT,0.00000100,1000.00000000,0.00103050
860,DGBUSDT,DGB,USDT,0.00001000,1000.00000000,0.00738500
862,STORJBUSD,STORJ,BUSD,0.00010000,1000.00000000,0.31425000
863,SXPUSDT,SXP,USDT,0.00010000,10000.00000000,0.24405000
865,IRISBTC,IRIS,BTC,0.00000001,1000.00000000,0.00000086
868,MKRBTC,MKR,BTC,0.00001000,1000.00000000,0.03628000
869,MKRUSDT,MKR,USDT,1.00000000,100000.00000000,610.50000000
870,MKRBUSD,MKR,BUSD,1.00000000,100000.00000000,610.50000000
875,RUNEBNB,RUNE,BNB,0.00001000,1000.00000000,0.00480000
876,RUNEBTC,RUNE,BTC,0.00000010,1000.00000000,0.00008150
877,RUNEBUSD,RUNE,BUSD,0.00100000,10000.00000000,1.37150000
878,MANABUSD,MANA,BUSD,0.00010000,1000.00000000,0.39890000
879,DOGEBUSD,DOGE,BUSD,0.00001000,1000.00000000,0.09671500
881,ZRXBUSD,ZRX,BUSD,0.00010000,1000.00000000,0.18480000
882,DCRUSDT,DCR,USDT,0.10000000,100000.00000000,20.85000000
883,STORJUSDT,STORJ,USDT,0.00010000,1000.00000000,0.31435000
886,BTCAUD,BTC,AUD,0.01000000,1000000.00000000,25028.68000000
887,ETHAUD,ETH,AUD,0.01000000,100000.00000000,1832.69000000
888,AUDBUSD,AUD,BUSD,0.00010000,1000.00000000,0.67190000
890,FIOBTC,FIO,BTC,0.00000001,1000.00000000,0.00000198
891,FIOBUSD,FIO,BUSD,0.00010000,1000.00000000,0.03315000
897,AVABTC,AVA,BTC,0.00000001,1000.00000000,0.00003644
898,AVABUSD,AVA,BUSD,0.00100000,1000.00000000,0.61250000
901,IOTABUSD,IOTA,BUSD,0.00010000,1000.00000000,0.20660000
903,XRPAUD,XRP,AUD,0.00010000,1000.00000000,0.57350000
904,BNBAUD,BNB,AUD,0.10000000,100000.00000000,424.90000000
905,AUDUSDT,AUD,USDT,0.00010000,1000.00000000,0.67195000
907,BALBTC,BAL,BTC,0.00000010,1000.00000000,0.00034620
908,BALBUSD,BAL,BUSD,0.00100000,10000.00000000,5.82150000
910,YFIBTC,YFI,BTC,0.00010000,100000.00000000,0.41745000
911,YFIBUSD,YFI,BUSD,1.00000000,1000000.00000000,7023.00000000
912,YFIUSDT,YFI,USDT,1.00000000,1000000.00000000,7025.50000000
913,BLZBUSD,BLZ,BUSD,0.00010000,1000.00000000,0.06265000
915,BALUSDT,BAL,USDT,0.00100000,10000.00000000,5.82000000
916,BLZUSDT,BLZ,USDT,0.00010000,1000.00000000,0.06275000
917,IRISUSDT,IRIS,USDT,0.00001000,1000.00000000,0.01458500
918,KMDUSDT,KMD,USDT,0.00010000,1000.00000000,0.20905000
919,BTCDAI,BTC,DAI,0.01000000,1000000.00000000,16827.27500000
920,ETHDAI,ETH,DAI,0.01000000,100000.00000000,1232.23000000
921,BNBDAI,BNB,DAI,0.10000000,100000.00000000,285.70000000
922,USDTDAI,USDT,DAI,0.00010000,1000.00000000,1.00045000
923,BUSDDAI,BUSD,DAI,0.00010000,1000.00000000,1.00005000
925,JSTBTC,JST,BTC,0.00000001,1000.00000000,0.00000133
926,JSTBUSD,JST,BUSD,0.00001000,1000.00000000,0.02238000
927,JSTUSDT,JST,USDT,0.00001000,1000.00000000,0.02234500
930,SRMBUSD,SRM,BUSD,0.00001000,1000.00000000,0.21645000
932,ANTBNB,ANT,BNB,0.00001000,1000.00000000,0.00780500
933,ANTBTC,ANT,BTC,0.00000001,1000.00000000,0.00013246
934,ANTBUSD,ANT,BUSD,0.00100000,1000.00000000,2.22900000
935,ANTUSDT,ANT,USDT,0.00100000,1000.00000000,2.22850000
937,CRVBTC,CRV,BTC,0.00000001,1000.00000000,0.00003935
938,CRVBUSD,CRV,BUSD,0.00100000,10000.00000000,0.66150000
939,CRVUSDT,CRV,USDT,0.00100000,10000.00000000,0.66150000
940,SANDBNB,SAND,BNB,0.00000100,1000.00000000,0.00204500
941,SANDBTC,SAND,BTC,0.00000001,1000.00000000,0.00003471
942,SANDUSDT,SAND,USDT,0.00010000,1000.00000000,0.58385000
943,SANDBUSD,SAND,BUSD,0.00010000,1000.00000000,0.58390000
944,OCEANBNB,OCEAN,BNB,0.00000100,1000.00000000,0.00047600
945,OCEANBTC,OCEAN,BTC,0.00000001,1000.00000000,0.00000806
946,OCEANBUSD,OCEAN,BUSD,0.00010000,1000.00000000,0.13570000
947,OCEANUSDT,OCEAN,USDT,0.00010000,1000.00000000,0.13565000
948,NMRBTC,NMR,BTC,0.00000100,1000.00000000,0.00083050
949,NMRBUSD,NMR,BUSD,0.01000000,10000.00000000,13.97500000
950,NMRUSDT,NMR,USDT,0.01000000,10000.00000000,13.97500000
951,DOTBNB,DOT,BNB,0.00001000,1000.00000000,0.01855000
952,DOTBTC,DOT,BTC,0.00000010,1000.00000000,0.00031495
953,DOTBUSD,DOT,BUSD,0.01000000,10000.00000000,5.29500000
954,DOTUSDT,DOT,USDT,0.01000000,10000.00000000,5.29500000
957,LUNABUSD,LUNA,BUSD,0.00010000,1000.00000000,1.63510000
959,IDEXBTC,IDEX,BTC,0.00000001,1000.00000000,0.00000282
960,IDEXBUSD,IDEX,BUSD,0.00001000,1000.00000000,0.04732000
961,RSRBNB,RSR,BNB,0.00000010,1000.00000000,0.00001410
963,RSRBUSD,RSR,BUSD,0.00001000,1000.00000000,0.00403000
964,RSRUSDT,RSR,USDT,0.00001000,1000.00000000,0.00402500
965,PAXGBNB,PAXG,BNB,0.00100000,1000.00000000,6.25500000
966,PAXGBTC,PAXG,BTC,0.00001000,10000.00000000,0.10618500
967,PAXGBUSD,PAXG,BUSD,1.00000000,1000000.00000000,1786.50000000
968,PAXGUSDT,PAXG,USDT,1.00000000,1000000.00000000,1786.50000000
972,WNXMUSDT,WNXM,USDT,0.01000000,10000.00000000,10.80500000
974,TRBBTC,TRB,BTC,0.00000100,1000.00000000,0.00079650
975,TRBBUSD,TRB,BUSD,0.01000000,10000.00000000,13.39500000
976,TRBUSDT,TRB,USDT,0.01000000,10000.00000000,13.39000000
978,DOTBIDR,DOT,BIDR,1.00,50000000.00,83378.00000000
979,LINKAUD,LINK,AUD,0.00100000,10000.00000000,10.23400000
985,WBTCBTC,WBTC,BTC,0.00010000,1000.00000000,0.99825000
986,WBTCETH,WBTC,ETH,0.01000000,100000.00000000,13.62500000
987,SUSHIBNB,SUSHI,BNB,0.00001000,1000.00000000,0.00409500
988,SUSHIBTC,SUSHI,BTC,0.00000010,1000.00000000,0.00006955
989,SUSHIBUSD,SUSHI,BUSD,0.00100000,10000.00000000,1.17050000
990,SUSHIUSDT,SUSHI,USDT,0.00100000,10000.00000000,1.17050000
992,YFIIBTC,YFII,BTC,0.00001000,1000.00000000,0.08966500
994,YFIIUSDT,YFII,USDT,0.10000000,1000000.00000000,1508.80000000
996,KSMBTC,KSM,BTC,0.00000100,1000.00000000,0.00178200
997,KSMBUSD,KSM,BUSD,0.01000000,100000.00000000,29.98500000
998,KSMUSDT,KSM,USDT,0.01000000,100000.00000000,29.96500000
999,EGLDBNB,EGLD,BNB,0.00010000,10000.00000000,0.15600000
1000,EGLDBTC,EGLD,BTC,0.00000100,1000.00000000,0.00265000
1001,EGLDBUSD,EGLD,BUSD,0.01000000,100000.00000000,44.56000000
1002,EGLDUSDT,EGLD,USDT,0.01000000,100000.00000000,44.57500000
1004,DIABTC,DIA,BTC,0.00000001,1000.00000000,0.00001946
1005,DIABUSD,DIA,BUSD,0.00100000,10000.00000000,0.32750000
1007,RUNEUSDT,RUNE,USDT,0.00100000,10000.00000000,1.37050000
1008,FIOUSDT,FIO,USDT,0.00010000,1000.00000000,0.03315000
1009,UMABTC,UMA,BTC,0.00000010,1000.00000000,0.00010605
1021,LINKTRY,LINK,TRY,0.10000000,100000.00000000,130.05000000
1022,USDTNGN,USDT,NGN,0.10000000,100000.00000000,750.95000000
1023,BELBNB,BEL,BNB,0.00000100,1000.00000000,0.00160200
1024,BELBTC,BEL,BTC,0.00000001,1000.00000000,0.00002720
1025,BELBUSD,BEL,BUSD,0.00100000,1000.00000000,0.45750000
1026,BELUSDT,BEL,USDT,0.00100000,1000.00000000,0.45750000
1028,WINGBTC,WING,BTC,0.00000010,1000.00000000,0.00038610
1031,WINGBUSD,WING,BUSD,0.01000000,10000.00000000,6.49500000
1032,WINGUSDT,WING,USDT,0.01000000,10000.00000000,6.48500000
1036,SXPEUR,SXP,EUR,0.00010000,10000.00000000,0.23310000
1038,CREAMBUSD,CREAM,BUSD,0.01000000,100000.00000000,14.17000000
1039,UNIBNB,UNI,BNB,0.00001000,1000.00000000,0.02085500
1040,UNIBTC,UNI,BTC,0.00000010,1000.00000000,0.00035390
1041,UNIBUSD,UNI,BUSD,0.01000000,10000.00000000,5.95500000
1042,UNIUSDT,UNI,USDT,0.01000000,10000.00000000,5.95500000
1045,OXTBTC,OXT,BTC,0.00000001,1000.00000000,0.00000490
1046,OXTUSDT,OXT,USDT,0.00010000,1000.00000000,0.08235000
1048,SUNUSDT,SUN,USDT,0.00001000,1000.00000000,0.00568500
1049,AVAXBNB,AVAX,BNB,0.00001000,1000.00000000,0.04635000
1050,AVAXBTC,AVAX,BTC,0.00000010,1000.00000000,0.00078670
1051,AVAXBUSD,AVAX,BUSD,0.01000000,10000.00000000,13.23500000
1052,AVAXUSDT,AVAX,USDT,0.01000000,10000.00000000,13.23500000
1055,BAKEBNB,BAKE,BNB,0.00000100,1000.00000000,0.00063350
1056,BURGERBNB,BURGER,BNB,0.00001000,1000.00000000,0.00217000
1060,FLMBTC,FLM,BTC,0.00000001,1000.00000000,0.00000498
1062,FLMUSDT,FLM,USDT,0.00010000,1000.00000000,0.08365000
1063,SCRTBTC,SCRT,BTC,0.00000001,1000.00000000,0.00004666
1064,SCRTETH,SCRT,ETH,0.00000010,1000.00000000,0.00063725
1065,CAKEBNB,CAKE,BNB,0.00001000,1000.00000000,0.01373500
1066,CAKEBUSD,CAKE,BUSD,0.00100000,10000.00000000,3.92250000
1070,ORNBTC,ORN,BTC,0.00000010,1000.00000000,0.00005455
1071,ORNUSDT,ORN,USDT,0.00100000,10000.00000000,0.91750000
1073,SXPTRY,SXP,TRY,0.00100000,100000.00000000,4.61500000
1074,UTKBTC,UTK,BTC,0.00000001,1000.00000000,0.00000608
1075,UTKUSDT,UTK,USDT,0.00010000,1000.00000000,0.10220000
1076,XVSBNB,XVS,BNB,0.00001000,10000.00000000,0.01396500
1077,XVSBTC,XVS,BTC,0.00000010,1000.00000000,0.00023680
1078,XVSBUSD,XVS,BUSD,0.01000000,1000.00000000,3.98500000
1079,XVSUSDT,XVS,USDT,0.01000000,1000.00000000,3.98500000
1080,ALPHABNB,ALPHA,BNB,0.00000100,1000.00000000,0.00030550
1081,ALPHABTC,ALPHA,BTC,0.00000001,1000.00000000,0.00000518
1082,ALPHABUSD,ALPHA,BUSD,0.00010000,1000.00000000,0.08710000
1084,VIDTBTC,VIDT,BTC,0.00000001,1.00000000,0.00000230
1085,VIDTBUSD,VIDT,BUSD,0.00001000,100.00000000,0.03874000
1086,AAVEBNB,AAVE,BNB,0.00010000,10000.00000000,0.21525000
1087,BTCBRL,BTC,BRL,1.00000000,10000000.00000000,88054.00000000
1088,USDTBRL,USDT,BRL,0.00100000,10000.00000000,5.23350000
1089,AAVEBTC,AAVE,BTC,0.00000100,1000.00000000,0.00365350
1090,AAVEETH,AAVE,ETH,0.00010000,1000.00000000,0.04985000
1091,AAVEBUSD,AAVE,BUSD,0.10000000,100000.00000000,61.45000000
1092,AAVEUSDT,AAVE,USDT,0.10000000,100000.00000000,61.45000000
1094,NEARBNB,NEAR,BNB,0.00000100,1000.00000000,0.00591100
1095,NEARBTC,NEAR,BTC,0.00000001,1000.00000000,0.00010038
1096,NEARBUSD,NEAR,BUSD,0.00100000,1000.00000000,1.68950000
1097,NEARUSDT,NEAR,USDT,0.00100000,1000.00000000,1.68850000
1102,FILBNB,FIL,BNB,0.00010000,1000.00000000,0.01535000
1103,FILBTC,FIL,BTC,0.00000010,1000.00000000,0.00026010
1104,FILBUSD,FIL,BUSD,0.01000000,1000.00000000,4.37500000
1105,FILUSDT,FIL,USDT,0.01000000,10000.00000000,4.37500000
1110,INJBNB,INJ,BNB,0.00001000,1000.00000000,0.00561500
1111,INJBTC,INJ,BTC,0.00000010,1000.00000000,0.00009520
1112,INJBUSD,INJ,BUSD,0.00100000,10000.00000000,1.60150000
1113,INJUSDT,INJ,USDT,0.00100000,10000.00000000,1.60150000
1114,AERGOBTC,AERGO,BTC,0.00000001,1000.00000000,0.00000642
1115,AERGOBUSD,AERGO,BUSD,0.00010000,1000.00000000,0.10820000
1116,LINKEUR,LINK,EUR,0.00100000,10000.00000000,6.54050000
1117,ONEBUSD,ONE,BUSD,0.00001000,1000.00000000,0.01413500
1119,AUDIOBTC,AUDIO,BTC,0.00000001,1000.00000000,0.00000905
1120,AUDIOBUSD,AUDIO,BUSD,0.00010000,1000.00000000,0.15235000
1121,AUDIOUSDT,AUDIO,USDT,0.00010000,1000.00000000,0.15225000
1122,CTKBNB,CTK,BNB,0.00000100,1000.00000000,0.00262800
1123,CTKBTC,CTK,BTC,0.00000001,1000.00000000,0.00004462
1124,CTKBUSD,CTK,BUSD,0.00100000,1000.00000000,0.75000000
1125,CTKUSDT,CTK,USDT,0.00100000,1000.00000000,0.75050000
1130,ETHBRL,ETH,BRL,0.01000000,200000.00000000,6447.03500000
1131,DOTEUR,DOT,EUR,0.01000000,10000.00000000,5.03500000
1133,AKROUSDT,AKRO,USDT,0.00001000,1000.00000000,0.00300000
1134,KP3RBNB,KP3R,BNB,0.00010000,1000.00000000,0.26560000
1135,KP3RBUSD,KP3R,BUSD,0.01000000,100000.00000000,75.76500000
1136,AXSBNB,AXS,BNB,0.00010000,1000.00000000,0.02910000
1137,AXSBTC,AXS,BTC,0.00000100,1000.00000000,0.00049450
1138,AXSBUSD,AXS,BUSD,0.01000000,1000.00000000,8.31500000
1139,AXSUSDT,AXS,USDT,0.01000000,1000.00000000,8.31500000
1140,HARDBNB,HARD,BNB,0.00000100,1000.00000000,0.00055900
1141,HARDBTC,HARD,BTC,0.00000001,1000.00000000,0.00000948
1142,HARDBUSD,HARD,BUSD,0.00010000,1000.00000000,0.16000000
1143,HARDUSDT,HARD,USDT,0.00010000,1000.00000000,0.15955000
1144,BNBBRL,BNB,BRL,1.00000000,100000.00000000,1494.50000000
1145,LTCEUR,LTC,EUR,0.01000000,100000.00000000,71.87000000
1150,SLPETH,SLP,ETH,0.00000001,1000.00000000,0.00000204
1151,ADAEUR,ADA,EUR,0.00010000,1000.00000000,0.29610000
1153,CVPETH,CVP,ETH,0.00000010,1000.00000000,0.00029470
1154,CVPBUSD,CVP,BUSD,0.00010000,1000.00000000,0.36355000
1155,STRAXBTC,STRAX,BTC,0.00000001,1000.00000000,0.00002758
1156,STRAXETH,STRAX,ETH,0.00000010,1000.00000000,0.00037660
1157,STRAXBUSD,STRAX,BUSD,0.00100000,1000.00000000,0.46350000
1158,STRAXUSDT,STRAX,USDT,0.00100000,1000.00000000,0.46400000
1159,FORBTC,FOR,BTC,0.00000001,1000.00000000,0.00000096
1160,FORBUSD,FOR,BUSD,0.00001000,1000.00000000,0.01611500
1162,UNFIBTC,UNFI,BTC,0.00000010,1000.00000000,0.00029100
1163,UNFIBUSD,UNFI,BUSD,0.00100000,10000.00000000,4.89400000
1164,UNFIUSDT,UNFI,USDT,0.00100000,10000.00000000,4.89500000
1166,FRONTBUSD,FRONT,BUSD,0.00010000,1000.00000000,0.19790000
1168,ROSEBTC,ROSE,BTC,0.00000001,1000.00000000,0.00000264
1169,ROSEBUSD,ROSE,BUSD,0.00001000,1000.00000000,0.04425000
1170,ROSEUSDT,ROSE,USDT,0.00001000,1000.00000000,0.04424500
1171,AVAXTRY,AVAX,TRY,0.10000000,100000.00000000,250.45000000
1172,BUSDBRL,BUSD,BRL,0.00100000,1000.00000000,5.23550000
1174,SYSBUSD,SYS,BUSD,0.00010000,1000.00000000,0.11650000
1175,XEMUSDT,XEM,USDT,0.00010000,1000.00000000,0.03225000
1180,PROMBNB,PROM,BNB,0.00001000,1000.00000000,0.01579000
1181,PROMBUSD,PROM,BUSD,0.01000000,10000.00000000,4.49500000
1182,XRPBRL,XRP,BRL,0.00100000,100000.00000000,2.01700000
1184,SKLBTC,SKL,BTC,0.00000001,1000.00000000,0.00000154
1185,SKLBUSD,SKL,BUSD,0.00001000,1000.00000000,0.02580500
1186,SKLUSDT,SKL,USDT,0.00001000,1000.00000000,0.02578500
1187,BCHEUR,BCH,EUR,0.10000000,100000.00000000,104.25000000
1188,YFIEUR,YFI,EUR,1.00000000,1000000.00000000,6689.50000000
1189,ZILBIDR,ZIL,BIDR,1.00,1000000.00,343.50000000
1195,GLMBTC,GLM,BTC,0.00000001,1000.00000000,0.00001307
1196,GLMETH,GLM,ETH,0.00000010,1000.00000000,0.00017850
1198,GHSTBUSD,GHST,BUSD,0.00100000,1000.00000000,1.02150000
1203,LINKBRL,LINK,BRL,0.01000000,100000.00000000,36.00000000
1205,LTCRUB,LTC,RUB,0.10000000,1000000.00000000,4762.45000000
1206,TRXTRY,TRX,TRY,0.00010000,1000.00000000,1.01075000
1207,XLMEUR,XLM,EUR,0.00010000,1000.00000000,0.08015000
1209,DFBUSD,DF,BUSD,0.00010000,1000.00000000,0.05095000
1210,GRTBTC,GRT,BTC,0.00000001,1000.00000000,0.00000370
1211,GRTETH,GRT,ETH,0.00000010,1000.00000000,0.00005040
1212,GRTUSDT,GRT,USDT,0.00010000,1000.00000000,0.06215000
1213,JUVBTC,JUV,BTC,0.00000010,1000.00000000,0.00017930
1214,JUVBUSD,JUV,BUSD,0.01000000,1000.00000000,3.01500000
1215,JUVUSDT,JUV,USDT,0.01000000,10000.00000000,3.02500000
1216,PSGBTC,PSG,BTC,0.00000010,1000.00000000,0.00032045
1217,PSGBUSD,PSG,BUSD,0.01000000,10000.00000000,5.38500000
1218,PSGUSDT,PSG,USDT,0.01000000,10000.00000000,5.39500000
1221,1INCHBTC,1INCH,BTC,0.00000001,1000.00000000,0.00002612
1222,1INCHUSDT,1INCH,USDT,0.00100000,1000.00000000,0.43950000
1224,REEFUSDT,REEF,USDT,0.00000100,1000.00000000,0.00299900
1225,OGBTC,OG,BTC,0.00000010,1000.00000000,0.00018875
1226,OGUSDT,OG,USDT,0.00100000,10000.00000000,3.17500000
1227,ATMBTC,ATM,BTC,0.00000010,1000.00000000,0.00016050
1228,ATMUSDT,ATM,USDT,0.01000000,10000.00000000,2.69500000
1229,ASRBTC,ASR,BTC,0.00000010,1000.00000000,0.00015950
1230,ASRUSDT,ASR,USDT,0.00100000,10000.00000000,2.68250000
1231,CELOBTC,CELO,BTC,0.00000001,1000.00000000,0.00003514
1232,CELOUSDT,CELO,USDT,0.00100000,1000.00000000,0.59050000
1233,RIFBTC,RIF,BTC,0.00000001,1000.00000000,0.00000322
1234,RIFUSDT,RIF,USDT,0.00010000,1000.00000000,0.05435000
1235,CHZTRY,CHZ,TRY,0.00100000,1000.00000000,2.90250000
1236,XLMTRY,XLM,TRY,0.00100000,10000.00000000,1.59250000
1238,GRTEUR,GRT,EUR,0.00010000,1000.00000000,0.05915000
1240,BTCSTBUSD,BTCST,BUSD,0.01000000,10000.00000000,5.15500000
1242,TRUBTC,TRU,BTC,0.00000001,1000.00000000,0.00000219
1244,TRUUSDT,TRU,USDT,0.00010000,1000.00000000,0.03675000
1245,DEXEETH,DEXE,ETH,0.00000100,1000.00000000,0.00194750
1246,DEXEBUSD,DEXE,BUSD,0.00100000,10000.00000000,2.39850000
1247,EOSEUR,EOS,EUR,0.00100000,10000.00000000,0.93350000
1248,LTCBRL,LTC,BRL,0.10000000,100000.00000000,395.25000000
1253,CKBBUSD,CKB,BUSD,0.00001000,1000.00000000,0.00241500
1254,CKBUSDT,CKB,USDT,0.00001000,1000.00000000,0.00241500
1255,TWTBTC,TWT,BTC,0.00000001,1000.00000000,0.00014619
1256,TWTBUSD,TWT,BUSD,0.00010000,1000.00000000,2.45910000
1257,TWTUSDT,TWT,USDT,0.00010000,1000.00000000,2.45855000
1258,FIROBTC,FIRO,BTC,0.00000010,1000.00000000,0.00010930
1260,FIROUSDT,FIRO,USDT,0.00100000,10000.00000000,1.84100000
1261,BETHETH,BETH,ETH,0.00010000,1000.00000000,0.97705000
1262,DOGEEUR,DOGE,EUR,0.00001000,1000.00000000,0.09200000
1263,DOGETRY,DOGE,TRY,0.00100000,1000.00000000,1.82850000
1264,DOGEAUD,DOGE,AUD,0.00001000,1000.00000000,0.14390000
1265,DOGEBRL,DOGE,BRL,0.00010000,1000.00000000,0.50665000
1267,PROSETH,PROS,ETH,0.00000010,1000.00000000,0.00048850
1268,LITBTC,LIT,BTC,0.00000001,1000.00000000,0.00005050
1269,LITBUSD,LIT,BUSD,0.00100000,1000.00000000,0.84850000
1270,LITUSDT,LIT,USDT,0.00100000,1000.00000000,0.84950000
1272,BUSDVAI,BUSD,VAI,0.00100000,1000.00000000,1.03650000
1273,SFPBTC,SFP,BTC,0.00000001,1000.00000000,0.00002688
1274,SFPBUSD,SFP,BUSD,0.00010000,1000.00000000,0.45195000
1275,SFPUSDT,SFP,USDT,0.00010000,1000.00000000,0.45175000
1277,DOTTRY,DOT,TRY,0.10000000,100000.00000000,100.20000000
1278,FXSBTC,FXS,BTC,0.00000001,1000.00000000,0.00036182
1279,FXSBUSD,FXS,BUSD,0.00100000,10000.00000000,6.09250000
1280,DODOBTC,DODO,BTC,0.00000001,1000.00000000,0.00000708
1281,DODOBUSD,DODO,BUSD,0.00010000,10000.00000000,0.11885000
1282,DODOUSDT,DODO,USDT,0.00010000,10000.00000000,0.11885000
1283,FRONTBTC,FRONT,BTC,0.00000001,1000.00000000,0.00001176
1285,CAKEBTC,CAKE,BTC,0.00000010,1000.00000000,0.00023310
1286,CAKEUSDT,CAKE,USDT,0.00100000,10000.00000000,3.92350000
1287,BAKEBUSD,BAKE,BUSD,0.00010000,1000.00000000,0.18100000
1288,UFTETH,UFT,ETH,0.00000010,1000.00000000,0.00024395
1289,UFTBUSD,UFT,BUSD,0.00010000,1000.00000000,0.30005000
1290,1INCHBUSD,1INCH,BUSD,0.00100000,1000.00000000,0.43950000
1291,BANDBUSD,BAND,BUSD,0.00100000,10000.00000000,2.15000000
1292,GRTBUSD,GRT,BUSD,0.00010000,1000.00000000,0.06215000
1293,IOSTBUSD,IOST,BUSD,0.00001000,1000.00000000,0.00833500
1294,OMGBUSD,OMG,BUSD,0.00100000,1000.00000000,1.15950000
1295,REEFBUSD,REEF,BUSD,0.00000100,1000.00000000,0.00299800
1296,ACMBTC,ACM,BTC,0.00000010,1000.00000000,0.00015105
1297,ACMBUSD,ACM,BUSD,0.00100000,10000.00000000,2.54200000
1298,ACMUSDT,ACM,USDT,0.00100000,10000.00000000,2.54200000
1299,AUCTIONBTC,AUCTION,BTC,0.00000010,1000.00000000,0.00030220
1300,AUCTIONBUSD,AUCTION,BUSD,0.01000000,10000.00000000,5.07500000
1301,PHABTC,PHA,BTC,0.00000001,1000.00000000,0.00000838
1302,PHABUSD,PHA,BUSD,0.00010000,1000.00000000,0.14110000
1304,ADATRY,ADA,TRY,0.01000000,10000.00000000,5.88500000
1305,ADABRL,ADA,BRL,0.00100000,10000.00000000,1.62900000
1307,TVKBTC,TVK,BTC,0.00000001,1000.00000000,0.00000186
1308,TVKBUSD,TVK,BUSD,0.00010000,1000.00000000,0.03145000
1309,BADGERBTC,BADGER,BTC,0.00000010,1000.00000000,0.00015530
1310,BADGERBUSD,BADGER,BUSD,0.01000000,10000.00000000,2.61500000
1311,BADGERUSDT,BADGER,USDT,0.01000000,10000.00000000,2.61500000
1312,FISBTC,FIS,BTC,0.00000001,1000.00000000,0.00001754
1313,FISBUSD,FIS,BUSD,0.00010000,10000.00000000,0.29475000
1314,FISUSDT,FIS,USDT,0.00010000,10000.00000000,0.29490000
1315,DOTBRL,DOT,BRL,0.01000000,100000.00000000,27.73500000
1316,ADAAUD,ADA,AUD,0.00010000,10000.00000000,0.46310000
1317,HOTTRY,HOT,TRY,0.00001000,1000.00000000,0.03208500
1318,EGLDEUR,EGLD,EUR,0.01000000,100000.00000000,42.39000000
1319,OMBTC,OM,BTC,0.00000001,1000.00000000,0.00000198
1320,OMBUSD,OM,BUSD,0.00010000,1000.00000000,0.03325000
1321,OMUSDT,OM,USDT,0.00010000,1000.00000000,0.03315000
1322,PONDBTC,POND,BTC,0.00000001,1000.00000000,0.00000051
1323,PONDBUSD,POND,BUSD,0.00001000,1000.00000000,0.00865000
1324,PONDUSDT,POND,USDT,0.00001000,1000.00000000,0.00865500
1325,DEGOBTC,DEGO,BTC,0.00000001,1000.00000000,0.00011486
1326,DEGOBUSD,DEGO,BUSD,0.00100000,10000.00000000,1.93050000
1327,DEGOUSDT,DEGO,USDT,0.00100000,10000.00000000,1.93300000
1328,AVAXEUR,AVAX,EUR,0.01000000,10000.00000000,12.58500000
1330,CHZBRL,CHZ,BRL,0.00100000,10000.00000000,0.80300000
1331,UNIEUR,UNI,EUR,0.01000000,10000.00000000,5.66500000
1332,ALICEBTC,ALICE,BTC,0.00000010,1000.00000000,0.00007645
1333,ALICEBUSD,ALICE,BUSD,0.00100000,1000.00000000,1.28450000
1334,ALICEUSDT,ALICE,USDT,0.00100000,1000.00000000,1.28450000
1335,CHZBUSD,CHZ,BUSD,0.00010000,1000.00000000,0.15355000
1336,CHZEUR,CHZ,EUR,0.00010000,1000.00000000,0.14595000
1339,BIFIBUSD,BIFI,BUSD,0.10000000,100000.00000000,359.35000000
1340,LINABTC,LINA,BTC,0.00000001,1000.00000000,0.00000036
1341,LINABUSD,LINA,BUSD,0.00001000,10000.00000000,0.00616500
1343,ADARUB,ADA,RUB,0.01000000,100000.00000000,19.62000000
1344,ENJBRL,ENJ,BRL,0.00100000,10000.00000000,1.56600000
1345,ENJEUR,ENJ,EUR,0.00010000,10000.00000000,0.28460000
1346,MATICEUR,MATIC,EUR,0.00010000,1000.00000000,0.85185000
1347,NEOTRY,NEO,TRY,0.10000000,100000.00000000,131.00000000
1348,PERPBTC,PERP,BTC,0.00000001,1000.00000000,0.00002766
1349,PERPBUSD,PERP,BUSD,0.00001000,10000.00000000,0.46575500
1350,PERPUSDT,PERP,USDT,0.00001000,10000.00000000,0.46564500
1354,SUPERBTC,SUPER,BTC,0.00000001,1000.00000000,0.00000586
1355,SUPERBUSD,SUPER,BUSD,0.00010000,10000.00000000,0.09870000
1356,SUPERUSDT,SUPER,USDT,0.00010000,10000.00000000,0.09865000
1357,CFXBTC,CFX,BTC,0.00000001,1000.00000000,0.00000158
1358,CFXBUSD,CFX,BUSD,0.00010000,10000.00000000,0.02670000
1359,CFXUSDT,CFX,USDT,0.00010000,10000.00000000,0.02665000
1361,EOSTRY,EOS,TRY,0.01000000,10000.00000000,18.54000000
1364,RVNTRY,RVN,TRY,0.00010000,1000.00000000,0.41870000
1365,THETAEUR,THETA,EUR,0.00100000,10000.00000000,0.81800000
1366,XVGBUSD,XVG,BUSD,0.00001000,1000.00000000,0.00246500
1370,AUTOBTC,AUTO,BTC,0.00001000,1000.00000000,0.01392000
1371,AUTOBUSD,AUTO,BUSD,0.10000000,1000000.00000000,233.80000000
1372,AUTOUSDT,AUTO,USDT,0.10000000,1000000.00000000,233.85000000
1373,TKOBTC,TKO,BTC,0.00000001,1000.00000000,0.00002754
1374,TKOBIDR,TKO,BIDR,0.01,1000000.00,7274.45000000
1375,TKOBUSD,TKO,BUSD,0.00100000,1000.00000000,0.46350000
1376,TKOUSDT,TKO,USDT,0.00100000,1000.00000000,0.46350000
1377,PUNDIXETH,PUNDIX,ETH,0.00000010,1000.00000000,0.00030835
1378,PUNDIXUSDT,PUNDIX,USDT,0.00100000,10000.00000000,0.38000000
1381,HOTEUR,HOT,EUR,0.00000100,1000.00000000,0.00161400
1382,WINEUR,WIN,EUR,0.00000010,100.00000000,0.00008375
1383,TLMBTC,TLM,BTC,0.00000001,1000.00000000,0.00000091
1384,TLMBUSD,TLM,BUSD,0.00001000,1000.00000000,0.01537500
1385,TLMUSDT,TLM,USDT,0.00001000,1000.00000000,0.01538500
1390,HOTBUSD,HOT,BUSD,0.00000100,1000.00000000,0.00169600
1391,BNBUAH,BNB,UAH,1.00000000,1000000.00000000,11250.50000000
1392,ONTTRY,ONT,TRY,0.00100000,1000.00000000,3.36900000
1393,VETEUR,VET,EUR,0.00001000,1000.00000000,0.01785500
1395,WINBRL,WIN,BRL,0.00000100,100.00000000,0.00046100
1396,MIRBTC,MIR,BTC,0.00000001,1000.00000000,0.00000777
1397,MIRBUSD,MIR,BUSD,0.00001000,10000.00000000,0.13063000
1398,MIRUSDT,MIR,USDT,0.00001000,10000.00000000,0.13060000
1399,BARBTC,BAR,BTC,0.00000010,1000.00000000,0.00021365
1400,BARBUSD,BAR,BUSD,0.01000000,10000.00000000,3.59500000
1401,BARUSDT,BAR,USDT,0.01000000,10000.00000000,3.59500000
1402,FORTHBTC,FORTH,BTC,0.00000010,1000.00000000,0.00022525
1403,FORTHBUSD,FORTH,BUSD,0.01000000,10000.00000000,3.79500000
1404,FORTHUSDT,FORTH,USDT,0.01000000,10000.00000000,3.78500000
1406,DOGERUB,DOGE,RUB,0.00100000,100000.00000000,6.10600000
1411,BAKEUSDT,BAKE,USDT,0.00010000,10000.00000000,0.18100000
1412,BURGERBUSD,BURGER,BUSD,0.00100000,10000.00000000,0.61850000
1413,BURGERUSDT,BURGER,USDT,0.00100000,10000.00000000,0.61900000
1414,SLPBUSD,SLP,BUSD,0.00001000,1000.00000000,0.00251500
1415,SLPUSDT,SLP,USDT,0.00001000,1000.00000000,0.00251500
1417,TRXEUR,TRX,EUR,0.00001000,1000.00000000,0.05084000
1418,VETTRY,VET,TRY,0.00010000,10000.00000000,0.35495000
1419,SHIBUSDT,SHIB,USDT,0.00000001,1.00000000,0.00000921
1420,SHIBBUSD,SHIB,BUSD,0.00000001,1.00000000,0.00000921
1421,ICPBTC,ICP,BTC,0.00000010,1000.00000000,0.00024885
1422,ICPBNB,ICP,BNB,0.00001000,1000.00000000,0.01466000
1423,ICPBUSD,ICP,BUSD,0.00100000,100000.00000000,4.18650000
1424,ICPUSDT,ICP,USDT,0.00100000,100000.00000000,4.18650000
1425,SHIBEUR,SHIB,EUR,0.00000001,1.00000000,0.00000876
1427,ETCEUR,ETC,EUR,0.01000000,10000.00000000,17.91000000
1429,DOGEBIDR,DOGE,BIDR,1.00,100000.00,1518.00000000
1430,ARBTC,AR,BTC,0.00000010,1000.00000000,0.00053350
1431,ARBNB,AR,BNB,0.00001000,1000.00000000,0.03144000
1432,ARBUSD,AR,BUSD,0.01000000,100000.00000000,8.98500000
1433,ARUSDT,AR,USDT,0.01000000,100000.00000000,8.97500000
1434,POLSBTC,POLS,BTC,0.00000001,1000.00000000,0.00002161
1435,POLSBNB,POLS,BNB,0.00000100,1000.00000000,0.00127450
1436,POLSBUSD,POLS,BUSD,0.00100000,1000.00000000,0.36400000
1437,POLSUSDT,POLS,USDT,0.00100000,1000.00000000,0.36350000
1438,MDXBTC,MDX,BTC,0.00000001,1000.00000000,0.00000532
1440,MDXBUSD,MDX,BUSD,0.00010000,1000.00000000,0.08955000
1441,MDXUSDT,MDX,USDT,0.00010000,1000.00000000,0.08945000
1442,MASKBNB,MASK,BNB,0.00001000,1000.00000000,0.01244000
1443,MASKBUSD,MASK,BUSD,0.00100000,10000.00000000,3.55350000
1444,MASKUSDT,MASK,USDT,0.00100000,10000.00000000,3.55300000
1445,LPTBTC,LPT,BTC,0.00000010,1000.00000000,0.00043130
1446,LPTBNB,LPT,BNB,0.00001000,1000.00000000,0.02542000
1447,LPTBUSD,LPT,BUSD,0.01000000,10000.00000000,7.26000000
1448,LPTUSDT,LPT,USDT,0.01000000,10000.00000000,7.25500000
1449,ETHUAH,ETH,UAH,1.00000000,9999319.00000000,48505.50000000
1450,MATICBRL,MATIC,BRL,0.00100000,10000.00000000,4.68550000
1451,SOLEUR,SOL,EUR,0.01000000,10000.00000000,12.85500000
1452,SHIBBRL,SHIB,BRL,0.00000001,1.00000000,0.00004817
1453,AGIXBTC,AGIX,BTC,0.00000001,1000.00000000,0.00000252
1454,ICPEUR,ICP,EUR,0.00100000,10000.00000000,3.98150000
1456,SHIBTRY,SHIB,TRY,0.00000001,1.00000000,0.00017382
1457,MATICBIDR,MATIC,BIDR,1.00,500000.00,14056.00000000
1458,MATICRUB,MATIC,RUB,0.01000000,100000.00000000,56.46000000
1463,XVGUSDT,XVG,USDT,0.00001000,10000.00000000,0.00247500
1465,CELRBUSD,CELR,BUSD,0.00001000,10000.00000000,0.01196000
1466,ATMBUSD,ATM,BUSD,0.01000000,10000.00000000,2.69500000
1467,ZENBUSD,ZEN,BUSD,0.01000000,10000.00000000,10.05000000
1468,FTMBUSD,FTM,BUSD,0.00010000,10000.00000000,0.23265000
1469,THETABUSD,THETA,BUSD,0.00100000,10000.00000000,0.86000000
1470,WINBUSD,WIN,BUSD,0.00000010,100.00000000,0.00008805
1471,KAVABUSD,KAVA,BUSD,0.00100000,10000.00000000,0.84150000
1473,ATABTC,ATA,BTC,0.00000001,1000.00000000,0.00000658
1474,ATABNB,ATA,BNB,0.00000100,1000.00000000,0.00038700
1475,ATABUSD,ATA,BUSD,0.00010000,10000.00000000,0.11070000
1477,GTCBTC,GTC,BTC,0.00000010,1000.00000000,0.00010440
1479,GTCBUSD,GTC,BUSD,0.00100000,10000.00000000,1.75700000
1480,GTCUSDT,GTC,USDT,0.00100000,10000.00000000,1.75650000
1481,TORNBTC,TORN,BTC,0.00000010,1000.00000000,0.00032090
1483,TORNBUSD,TORN,BUSD,0.01000000,100000.00000000,5.40500000
1484,TORNUSDT,TORN,USDT,0.01000000,100000.00000000,5.39500000
1485,MATICTRY,MATIC,TRY,0.00100000,10000.00000000,16.92850000
1488,BAKEBTC,BAKE,BTC,0.00000001,1000.00000000,0.00001076
1489,COTIBUSD,COTI,BUSD,0.00010000,10000.00000000,0.07080000
1494,SOLTRY,SOL,TRY,0.10000000,30000.00000000,255.40000000
1496,SOLBRL,SOL,BRL,0.10000000,10000.00000000,70.65000000
1497,SCBUSD,SC,BUSD,0.00001000,10000.00000000,0.00255500
1498,CHRBUSD,CHR,BUSD,0.00010000,100000.00000000,0.12105000
1499,STMXBUSD,STMX,BUSD,0.00000100,10000.00000000,0.00500500
1500,HNTBUSD,HNT,BUSD,0.01000000,100000.00000000,2.10500000
1501,FTTBUSD,FTT,BUSD,0.00010000,100000.00000000,1.37960000
1502,DOCKBUSD,DOCK,BUSD,0.00001000,10000.00000000,0.01591500
1503,ADABIDR,ADA,BIDR,1.00,500000.00,4882.00000000
1504,ERNBNB,ERN,BNB,0.00001000,1000.00000000,0.00667500
1505,ERNBUSD,ERN,BUSD,0.00100000,10000.00000000,1.90650000
1506,ERNUSDT,ERN,USDT,0.00100000,10000.00000000,1.90650000
1507,KLAYBTC,KLAY,BTC,0.00000001,1000.00000000,0.00001077
1508,KLAYBNB,KLAY,BNB,0.00000100,1000.00000000,0.00063400
1509,KLAYBUSD,KLAY,BUSD,0.00010000,10000.00000000,0.18120000
1510,KLAYUSDT,KLAY,USDT,0.00010000,10000.00000000,0.18115000
1511,RUNEEUR,RUNE,EUR,0.00100000,10000.00000000,1.30400000
1512,MATICAUD,MATIC,AUD,0.00010000,10000.00000000,1.33220000
1513,DOTRUB,DOT,RUB,1.00000000,999996.00000000,334.00000000
1514,UTKBUSD,UTK,BUSD,0.00010000,1000.00000000,0.10225000
1515,IOTXBUSD,IOTX,BUSD,0.00001000,1000.00000000,0.02258500
1517,SOLRUB,SOL,RUB,1.00000000,999996.00000000,851.00000000
1519,BUSDUAH,BUSD,UAH,0.01000000,100000.00000000,39.36500000
1520,BONDBTC,BOND,BTC,0.00000010,1000.00000000,0.00023275
1522,BONDBUSD,BOND,BUSD,0.00100000,10000.00000000,3.91450000
1523,BONDUSDT,BOND,USDT,0.00100000,10000.00000000,3.91400000
1524,MLNBTC,MLN,BTC,0.00000100,1000.00000000,0.00124300
1526,MLNBUSD,MLN,BUSD,0.01000000,10000.00000000,20.90500000
1527,MLNUSDT,MLN,USDT,0.01000000,10000.00000000,20.91500000
1528,GRTTRY,GRT,TRY,0.00100000,1000.00000000,1.17550000
1531,DOTAUD,DOT,AUD,0.01000000,10000.00000000,7.88000000
1534,DEXEUSDT,DEXE,USDT,0.00100000,1000.00000000,2.39800000
1535,LTOBUSD,LTO,BUSD,0.00010000,1000.00000000,0.07725000
1536,ADXBUSD,ADX,BUSD,0.00010000,1000.00000000,0.13335000
1537,QUICKBTC,QUICK,BTC,0.00000100,1000.00000000,0.00330450
1539,QUICKBUSD,QUICK,BUSD,0.10000000,100000.00000000,55.55000000
1540,C98USDT,C98,USDT,0.00010000,1000.00000000,0.22430000
1541,C98BUSD,C98,BUSD,0.00010000,1000.00000000,0.22435000
1542,C98BNB,C98,BNB,0.00000100,1000.00000000,0.00078600
1543,C98BTC,C98,BTC,0.00000001,1000.00000000,0.00001334
1544,CLVBTC,CLV,BTC,0.00000001,1000.00000000,0.00000376
1545,CLVBNB,CLV,BNB,0.00000010,1000.00000000,0.00022160
1546,CLVBUSD,CLV,BUSD,0.00001000,1000.00000000,0.06313000
1547,CLVUSDT,CLV,USDT,0.00001000,1000.00000000,0.06312500
1548,QNTBTC,QNT,BTC,0.00000100,1000.00000000,0.00700850
1549,QNTBNB,QNT,BNB,0.00010000,1000.00000000,0.41295000
1550,QNTBUSD,QNT,BUSD,0.10000000,100000.00000000,117.95000000
1551,QNTUSDT,QNT,USDT,0.10000000,100000.00000000,117.95000000
1552,FLOWBTC,FLOW,BTC,0.00000001,1000.00000000,0.00006138
1553,FLOWBNB,FLOW,BNB,0.00000100,1000.00000000,0.00361100
1554,FLOWBUSD,FLOW,BUSD,0.00100000,100000.00000000,1.03250000
1555,FLOWUSDT,FLOW,USDT,0.00100000,100000.00000000,1.03150000
1556,XECBUSD,XEC,BUSD,0.00000001,1.00000000,0.00002896
1557,AXSBRL,AXS,BRL,0.10000000,100000.00000000,43.55000000
1558,AXSAUD,AXS,AUD,0.01000000,100000.00000000,12.38000000
1559,TVKUSDT,TVK,USDT,0.00010000,1000.00000000,0.03135000
1560,MINABTC,MINA,BTC,0.00000001,1000.00000000,0.00003237
1561,MINABNB,MINA,BNB,0.00000100,1000.00000000,0.00190650
1562,MINABUSD,MINA,BUSD,0.00100000,10000.00000000,0.54450000
1564,RAYBNB,RAY,BNB,0.00000100,1000.00000000,0.00064750
1565,RAYBUSD,RAY,BUSD,0.00010000,10000.00000000,0.18480000
1566,RAYUSDT,RAY,USDT,0.00010000,10000.00000000,0.18480000
1567,FARMBTC,FARM,BTC,0.00000100,1000.00000000,0.00207500
1569,FARMBUSD,FARM,BUSD,0.10000000,100000.00000000,35.00000000
1570,FARMUSDT,FARM,USDT,0.10000000,100000.00000000,34.95000000
1571,ALPACABTC,ALPACA,BTC,0.00000001,1000.00000000,0.00001594
1573,ALPACABUSD,ALPACA,BUSD,0.00010000,1000.00000000,0.26805000
1575,TLMTRY,TLM,TRY,0.00010000,1000.00000000,0.29080000
1576,QUICKUSDT,QUICK,USDT,0.10000000,100000.00000000,55.55000000
1577,ORNBUSD,ORN,BUSD,0.00100000,10000.00000000,0.91700000
1578,MBOXBTC,MBOX,BTC,0.00000001,1000.00000000,0.00002727
1579,MBOXBNB,MBOX,BNB,0.00000100,1000.00000000,0.00160450
1580,MBOXBUSD,MBOX,BUSD,0.00100000,1000.00000000,0.45850000
1581,MBOXUSDT,MBOX,USDT,0.00100000,1000.00000000,0.45850000
1584,FORUSDT,FOR,USDT,0.00001000,1000.00000000,0.01610500
1585,REQUSDT,REQ,USDT,0.00010000,1000.00000000,0.09160000
1586,GHSTUSDT,GHST,USDT,0.00100000,1000.00000000,1.02150000
1587,TRURUB,TRU,RUB,0.01000000,10000.00000000,2.32000000
1588,FISBRL,FIS,BRL,0.00100000,10000.00000000,1.55050000
1589,WAXPUSDT,WAXP,USDT,0.00010000,1000.00000000,0.05655000
1590,WAXPBUSD,WAXP,BUSD,0.00010000,1000.00000000,0.05655000
1591,WAXPBNB,WAXP,BNB,0.00000010,1000.00000000,0.00019800
1592,WAXPBTC,WAXP,BTC,0.00000001,1000.00000000,0.00000336
1595,TRIBEBUSD,TRIBE,BUSD,0.00010000,1000.00000000,0.20645000
1597,GNOUSDT,GNO,USDT,0.10000000,100000.00000000,89.05000000
1601,ARPATRY,ARPA,TRY,0.00010000,1000.00000000,0.52310000
1602,PROMBTC,PROM,BTC,0.00000010,1000.00000000,0.00026780
1603,MTLBUSD,MTL,BUSD,0.00100000,10000.00000000,0.72850000
1604,OGNBUSD,OGN,BUSD,0.00010000,1000.00000000,0.10225000
1605,XECUSDT,XEC,USDT,0.00000001,1.00000000,0.00002894
1606,C98BRL,C98,BRL,0.00100000,10000.00000000,1.17100000
1607,SOLAUD,SOL,AUD,0.01000000,100000.00000000,20.10000000
1608,XRPBIDR,XRP,BIDR,1.00,1000000.00,6046.00000000
1610,ELFUSDT,ELF,USDT,0.00010000,1000.00000000,0.12885000
1611,DYDXUSDT,DYDX,USDT,0.00100000,10000.00000000,1.63350000
1612,DYDXBUSD,DYDX,BUSD,0.00100000,10000.00000000,1.63400000
1613,DYDXBNB,DYDX,BNB,0.00000100,10.00000000,0.00572500
1614,DYDXBTC,DYDX,BTC,0.00000001,1.00000000,0.00009713
1615,ELFBUSD,ELF,BUSD,0.00010000,100.00000000,0.12885000
1617,IDEXUSDT,IDEX,USDT,0.00001000,100.00000000,0.04730500
1618,VIDTUSDT,VIDT,USDT,0.00001000,100.00000000,0.03872500
1619,SOLBIDR,SOL,BIDR,1.00,9999998955.00,211849.00000000
1627,GALABUSD,GALA,BUSD,0.00001000,1000.00000000,0.02581500
1628,GALABNB,GALA,BNB,0.00000001,100.00000000,0.00009040
1629,GALABTC,GALA,BTC,0.00000001,100.00000000,0.00000154
1630,FTMBIDR,FTM,BIDR,1.00,10000000.00,3648.00000000
1635,SUNBUSD,SUN,BUSD,0.00001000,1000.00000000,0.00567500
1636,ILVUSDT,ILV,USDT,0.10000000,100000.00000000,43.15000000
1637,ILVBUSD,ILV,BUSD,0.10000000,100000.00000000,43.15000000
1638,ILVBNB,ILV,BNB,0.00100000,1000.00000000,0.15150000
1639,ILVBTC,ILV,BTC,0.00001000,1000.00000000,0.00256500
1640,RENBUSD,REN,BUSD,0.00000100,1000.00000000,0.08761500
1641,YGGUSDT,YGG,USDT,0.00010000,1000.00000000,0.22645000
1642,YGGBUSD,YGG,BUSD,0.00010000,1000.00000000,0.22640000
1643,YGGBNB,YGG,BNB,0.00000100,1000.00000000,0.00079250
1644,YGGBTC,YGG,BTC,0.00000001,1000.00000000,0.00001345
1645,STXBUSD,STX,BUSD,0.00100000,1000.00000000,0.25400000
1646,SYSUSDT,SYS,USDT,0.00010000,1000.00000000,0.11640000
1647,DFUSDT,DF,USDT,0.00010000,1000.00000000,0.05110000
1649,ARPARUB,ARPA,RUB,0.00100000,1000.00000000,1.74850000
1650,LTCUAH,LTC,UAH,1.00000000,999996.00000000,2971.50000000
1651,FETBUSD,FET,BUSD,0.00010000,1000.00000000,0.07505000
1652,ARPABUSD,ARPA,BUSD,0.00001000,1000.00000000,0.02769500
1653,LSKBUSD,LSK,BUSD,0.00100000,1000.00000000,0.79900000
1657,FIDABUSD,FIDA,BUSD,0.00010000,1000.00000000,0.37970000
1659,FIDABTC,FIDA,BTC,0.00000001,1000.00000000,0.00002256
1660,DENTBUSD,DENT,BUSD,0.00000100,1000.00000000,0.00069150
1661,FRONTUSDT,FRONT,USDT,0.00010000,1000.00000000,0.19800000
1662,CVPUSDT,CVP,USDT,0.00010000,1000.00000000,0.36365000
1663,AGLDBTC,AGLD,BTC,0.00000001,1000.00000000,0.00001847
1665,AGLDBUSD,AGLD,BUSD,0.00100000,1000.00000000,0.31050000
1666,AGLDUSDT,AGLD,USDT,0.00100000,1000.00000000,0.31050000
1667,RADBTC,RAD,BTC,0.00000010,1000.00000000,0.00009785
1668,RADBNB,RAD,BNB,0.00001000,1000.00000000,0.00576000
1669,RADBUSD,RAD,BUSD,0.00100000,1000.00000000,1.64600000
1670,RADUSDT,RAD,USDT,0.00100000,1000.00000000,1.64600000
1672,HIVEBUSD,HIVE,BUSD,0.00010000,1000.00000000,0.34420000
1673,STPTBUSD,STPT,BUSD,0.00001000,1000.00000000,0.03036500
1674,BETABTC,BETA,BTC,0.00000001,1000.00000000,0.00000498
1675,BETABNB,BETA,BNB,0.00000010,1000.00000000,0.00029360
1676,BETABUSD,BETA,BUSD,0.00001000,1000.00000000,0.08378500
1678,SHIBAUD,SHIB,AUD,0.00000001,1.00000000,0.00001370
1679,RAREBTC,RARE,BTC,0.00000001,1000.00000000,0.00000720
1681,RAREBUSD,RARE,BUSD,0.00010000,1000.00000000,0.12115000
1682,RAREUSDT,RARE,USDT,0.00010000,1000.00000000,0.12110000
1683,AVAXBRL,AVAX,BRL,0.10000000,100000.00000000,69.25000000
1684,AVAXAUD,AVAX,AUD,0.01000000,10000.00000000,19.69500000
1686,TROYBUSD,TROY,BUSD,0.00000100,1000.00000000,0.00283550
1687,AXSETH,AXS,ETH,0.00001000,1000.00000000,0.00675000
1688,FTMETH,FTM,ETH,0.00000010,1000.00000000,0.00018890
1689,SOLETH,SOL,ETH,0.00001000,1000.00000000,0.01096500
1690,SSVBTC,SSV,BTC,0.00000010,1000.00000000,0.00060835
1691,SSVETH,SSV,ETH,0.00000100,1000.00000000,0.00830950
1692,LAZIOTRY,LAZIO,TRY,0.00100000,1000.00000000,93.24150000
1693,LAZIOEUR,LAZIO,EUR,0.00010000,1000.00000000,4.69080000
1694,LAZIOBTC,LAZIO,BTC,0.00000001,1000.00000000,0.00029297
1695,LAZIOUSDT,LAZIO,USDT,0.00010000,1000.00000000,4.92880000
1696,CHESSBTC,CHESS,BTC,0.00000001,1000.00000000,0.00001224
1698,CHESSBUSD,CHESS,BUSD,0.00100000,1000.00000000,0.20550000
1699,CHESSUSDT,CHESS,USDT,0.00100000,1000.00000000,0.20550000
1700,FTMAUD,FTM,AUD,0.00010000,1000.00000000,0.34590000
1701,FTMBRL,FTM,BRL,0.00100000,10000.00000000,1.21800000
1702,SCRTBUSD,SCRT,BUSD,0.00100000,1000.00000000,0.78600000
1703,ADXUSDT,ADX,USDT,0.00010000,1000.00000000,0.13345000
1704,AUCTIONUSDT,AUCTION,USDT,0.01000000,10000.00000000,5.06500000
1705,CELOBUSD,CELO,BUSD,0.00100000,1000.00000000,0.59050000
1706,FTMRUB,FTM,RUB,0.01000000,100000.00000000,14.66500000
1709,REEFTRY,REEF,TRY,0.00010000,1000.00000000,0.05665000
1711,SHIBDOGE,SHIB,DOGE,0.00000010,1.00000000,0.00009510
1712,DARUSDT,DAR,USDT,0.00001000,1000.00000000,0.13094000
1713,DARBUSD,DAR,BUSD,0.00001000,1000.00000000,0.13096500
1714,DARBNB,DAR,BNB,0.00000001,1000.00000000,0.00045869
1715,DARBTC,DAR,BTC,0.00000001,1000.00000000,0.00000778
1716,BNXBTC,BNX,BTC,0.00000100,1000.00000000,0.00334700
1717,BNXBNB,BNX,BNB,0.00010000,1000.00000000,0.19695000
1718,BNXBUSD,BNX,BUSD,0.10000000,100000.00000000,56.25000000
1719,BNXUSDT,BNX,USDT,0.10000000,100000.00000000,56.25000000
1724,LAZIOBUSD,LAZIO,BUSD,0.00010000,100000.00000000,4.93090000
1725,OXTBUSD,OXT,BUSD,0.00010000,100000.00000000,0.08245000
1726,MANATRY,MANA,TRY,0.01000000,10000.00000000,7.54000000
1727,ALGORUB,ALGO,RUB,0.01000000,100000.00000000,14.03000000
1731,MOVRBTC,MOVR,BTC,0.00000010,1000.00000000,0.00048995
1733,MOVRBUSD,MOVR,BUSD,0.01000000,100000.00000000,8.24500000
1734,MOVRUSDT,MOVR,USDT,0.01000000,100000.00000000,8.24500000
1735,CITYBTC,CITY,BTC,0.00000010,1000.00000000,0.00024165
1736,CITYBNB,CITY,BNB,0.00001000,1000.00000000,0.01423000
1737,CITYBUSD,CITY,BUSD,0.01000000,10000.00000000,4.06500000
1738,CITYUSDT,CITY,USDT,0.01000000,10000.00000000,4.06500000
1739,ENSBTC,ENS,BTC,0.00000010,1000.00000000,0.00079900
1740,ENSBNB,ENS,BNB,0.00001000,1000.00000000,0.04709000
1741,ENSBUSD,ENS,BUSD,0.01000000,10000.00000000,13.44500000
1742,ENSUSDT,ENS,USDT,0.01000000,10000.00000000,13.44500000
1743,SANDETH,SAND,ETH,0.00000010,1000.00000000,0.00047380
1744,DOTETH,DOT,ETH,0.00000100,1000.00000000,0.00429900
1745,MATICETH,MATIC,ETH,0.00000010,1000.00000000,0.00072680
1746,ANKRBUSD,ANKR,BUSD,0.00001000,1000.00000000,0.02089000
1747,SANDTRY,SAND,TRY,0.01000000,10000.00000000,11.04500000
1748,MANABRL,MANA,BRL,0.01000000,10000.00000000,2.08500000
1749,KP3RUSDT,KP3R,USDT,0.01000000,999990.00000000,75.83500000
1750,QIUSDT,QI,USDT,0.00001000,1000.00000000,0.00810500
1751,QIBUSD,QI,BUSD,0.00001000,1000.00000000,0.00811000
1753,QIBTC,QI,BTC,0.00000001,1000.00000000,0.00000048
1754,PORTOBTC,PORTO,BTC,0.00000001,1000.00000000,0.00021366
1755,PORTOUSDT,PORTO,USDT,0.00010000,1000.00000000,3.59060000
1756,PORTOTRY,PORTO,TRY,0.01000000,10000.00000000,67.91500000
1757,PORTOEUR,PORTO,EUR,0.00010000,1000.00000000,3.41120000
1758,POWRUSDT,POWR,USDT,0.00010000,1000.00000000,0.14575000
1759,POWRBUSD,POWR,BUSD,0.00010000,1000.00000000,0.14585000
1760,AVAXETH,AVAX,ETH,0.00001000,1000.00000000,0.01074500
1761,SLPTRY,SLP,TRY,0.00010000,1000.00000000,0.04745000
1763,LRCTRY,LRC,TRY,0.01000000,10000.00000000,4.59500000
1764,CHRETH,CHR,ETH,0.00000010,1000.00000000,0.00009840
1766,VGXUSDT,VGX,USDT,0.00100000,1000.00000000,0.40250000
1767,GALAETH,GALA,ETH,0.00000001,1000.00000000,0.00002096
1768,JASMYUSDT,JASMY,USDT,0.00000100,1000.00000000,0.00380350
1769,JASMYBUSD,JASMY,BUSD,0.00000100,1000.00000000,0.00380300
1770,JASMYBNB,JASMY,BNB,0.00000001,1000.00000000,0.00001332
1771,JASMYBTC,JASMY,BTC,0.00000001,1000.00000000,0.00000022
1772,AMPBTC,AMP,BTC,0.00000001,1000.00000000,0.00000020
1774,AMPBUSD,AMP,BUSD,0.00001000,1000.00000000,0.00339000
1775,AMPUSDT,AMP,USDT,0.00001000,1000.00000000,0.00338500
1776,PLABTC,PLA,BTC,0.00000001,1000.00000000,0.00001196
1777,PLABNB,PLA,BNB,0.00000100,1000.00000000,0.00070500
1778,PLABUSD,PLA,BUSD,0.00100000,1000.00000000,0.20150000
1780,PYRBTC,PYR,BTC,0.00000010,1000.00000000,0.00018565
1781,PYRBUSD,PYR,BUSD,0.01000000,10000.00000000,3.12500000
1782,PYRUSDT,PYR,USDT,0.01000000,10000.00000000,3.12500000
1783,RNDRBTC,RNDR,BTC,0.00000010,1000.00000000,0.00002955
1784,RNDRUSDT,RNDR,USDT,0.00100000,1000.00000000,0.49650000
1785,RNDRBUSD,RNDR,BUSD,0.00100000,1000.00000000,0.49600000
1786,ALCXBTC,ALCX,BTC,0.00000100,1000.00000000,0.00103700
1787,ALCXBUSD,ALCX,BUSD,0.10000000,999996.00000000,17.45000000
1788,ALCXUSDT,ALCX,USDT,0.10000000,999996.00000000,17.45000000
1789,SANTOSBTC,SANTOS,BTC,0.00000001,1000.00000000,0.00038726
1790,SANTOSUSDT,SANTOS,USDT,0.00100000,1000.00000000,6.51300000
1791,SANTOSBRL,SANTOS,BRL,0.01000000,10000.00000000,33.99500000
1792,SANTOSTRY,SANTOS,TRY,0.01000000,10000.00000000,123.25000000
1793,MCBTC,MC,BTC,0.00000001,1000.00000000,0.00002388
1794,MCBUSD,MC,BUSD,0.00100000,10000.00000000,0.40200000
1795,MCUSDT,MC,USDT,0.00100000,10000.00000000,0.40250000
1796,BELTRY,BEL,TRY,0.01000000,10000.00000000,8.65000000
1797,COCOSBUSD,COCOS,BUSD,0.00010000,1000.00000000,0.61545000
1798,DENTTRY,DENT,TRY,0.00001000,1000.00000000,0.01304500
1799,ENJTRY,ENJ,TRY,0.01000000,10000.00000000,5.66000000
1800,NEORUB,NEO,RUB,1.00000000,999996.00000000,437.50000000
1801,SANDAUD,SAND,AUD,0.00010000,10000.00000000,0.86860000
1802,SLPBIDR,SLP,BIDR,0.10,100000.00,39.55000000
1806,BICOBTC,BICO,BTC,0.00000001,1000.00000000,0.00001747
1807,BICOBUSD,BICO,BUSD,0.00100000,1000.00000000,0.29400000
1808,BICOUSDT,BICO,USDT,0.00100000,1000.00000000,0.29350000
1809,FLUXBTC,FLUX,BTC,0.00000001,1000.00000000,0.00003059
1810,FLUXBUSD,FLUX,BUSD,0.00100000,1000.00000000,0.51450000
1811,FLUXUSDT,FLUX,USDT,0.00100000,1000.00000000,0.51450000
1812,ALICETRY,ALICE,TRY,0.01000000,100000.00000000,24.28500000
1813,FXSUSDT,FXS,USDT,0.00100000,10000.00000000,6.09050000
1814,GALABRL,GALA,BRL,0.00100000,1000.00000000,0.13550000
1815,GALATRY,GALA,TRY,0.00100000,1000.00000000,0.48750000
1816,LUNATRY,LUNA,TRY,0.01000000,10000.00000000,30.95000000
1817,REQBUSD,REQ,BUSD,0.00010000,1000.00000000,0.09170000
1818,SANDBRL,SAND,BRL,0.01000000,10000.00000000,3.06000000
1820,SANDBIDR,SAND,BIDR,1.00,10000000.00,9161.50000000
1821,VOXELBTC,VOXEL,BTC,0.00000001,1000.00000000,0.00001266
1822,VOXELBNB,VOXEL,BNB,0.00000010,1000.00000000,0.00074805
1823,VOXELBUSD,VOXEL,BUSD,0.00010000,1000.00000000,0.21295000
1824,VOXELUSDT,VOXEL,USDT,0.00010000,1000.00000000,0.21305000
1825,COSBUSD,COS,BUSD,0.00001000,1000.00000000,0.00495500
1826,CTXCBUSD,CTXC,BUSD,0.00010000,1000.00000000,0.09165000
1827,FTMTRY,FTM,TRY,0.00100000,10000.00000000,4.40200000
1829,MINATRY,MINA,TRY,0.01000000,10000.00000000,10.30000000
1830,XTZTRY,XTZ,TRY,0.01000000,10000.00000000,18.71000000
1831,HIGHBTC,HIGH,BTC,0.00000001,1000.00000000,0.00007269
1832,HIGHBUSD,HIGH,BUSD,0.00100000,10000.00000000,1.22400000
1833,HIGHUSDT,HIGH,USDT,0.00100000,10000.00000000,1.22350000
1834,CVXBTC,CVX,BTC,0.00000010,1000.00000000,0.00023260
1835,CVXBUSD,CVX,BUSD,0.00100000,10000.00000000,3.91400000
1836,CVXUSDT,CVX,USDT,0.00100000,10000.00000000,3.91400000
1837,PEOPLEBTC,PEOPLE,BTC,0.00000001,1000.00000000,0.00000146
1838,PEOPLEBUSD,PEOPLE,BUSD,0.00001000,1000.00000000,0.02462000
1839,PEOPLEUSDT,PEOPLE,USDT,0.00001000,1000.00000000,0.02461500
1840,OOKIBUSD,OOKI,BUSD,0.00001000,1000.00000000,0.00361500
1841,OOKIUSDT,OOKI,USDT,0.00001000,1000.00000000,0.00360500
1842,COCOSTRY,COCOS,TRY,0.01000000,10000.00000000,11.64500000
1844,LINKBNB,LINK,BNB,0.00001000,1000.00000000,0.02410000
1846,MDTBUSD,MDT,BUSD,0.00001000,1000.00000000,0.02335000
1847,NULSBUSD,NULS,BUSD,0.00010000,1000.00000000,0.18665000
1849,SPELLUSDT,SPELL,USDT,0.00000010,1000.00000000,0.00062320
1850,SPELLBUSD,SPELL,BUSD,0.00000010,1000.00000000,0.00062345
1854,JOEBTC,JOE,BTC,0.00000001,1000.00000000,0.00001005
1855,JOEBUSD,JOE,BUSD,0.00100000,1000.00000000,0.16950000
1856,JOEUSDT,JOE,USDT,0.00100000,1000.00000000,0.16950000
1857,ATOMETH,ATOM,ETH,0.00000100,1000.00000000,0.00783600
1858,DUSKBUSD,DUSK,BUSD,0.00010000,1000.00000000,0.09165000
1859,EGLDETH,EGLD,ETH,0.00001000,1000.00000000,0.03618500
1860,ICPETH,ICP,ETH,0.00000100,1000.00000000,0.00340350
1863,NEARETH,NEAR,ETH,0.00000100,1000.00000000,0.00137100
1864,ROSEBNB,ROSE,BNB,0.00000010,1000.00000000,0.00015500
1866,ALICEBNB,ALICE,BNB,0.00000100,1000.00000000,0.00449950
1867,ATOMTRY,ATOM,TRY,0.10000000,100000.00000000,182.50000000
1869,GALAAUD,GALA,AUD,0.00001000,1000.00000000,0.03847500
1870,LRCBNB,LRC,BNB,0.00000100,1000.00000000,0.00085500
1871,ONEETH,ONE,ETH,0.00000001,1000.00000000,0.00001149
1873,ACHBTC,ACH,BTC,0.00000001,1000.00000000,0.00000055
1874,ACHBUSD,ACH,BUSD,0.00001000,1000.00000000,0.00916500
1875,ACHUSDT,ACH,USDT,0.00001000,1000.00000000,0.00916500
1876,IMXBTC,IMX,BTC,0.00000001,1000.00000000,0.00002624
1877,IMXBUSD,IMX,BUSD,0.00100000,1000.00000000,0.44150000
1878,IMXUSDT,IMX,USDT,0.00100000,1000.00000000,0.44150000
1879,GLMRBTC,GLMR,BTC,0.00000001,1000.00000000,0.00002510
1880,GLMRBUSD,GLMR,BUSD,0.00010000,1000.00000000,0.42200000
1881,GLMRUSDT,GLMR,USDT,0.00010000,1000.00000000,0.42225000
1886,ICPTRY,ICP,TRY,0.10000000,100000.00000000,79.25000000
1887,JASMYETH,JASMY,ETH,0.00000001,1000.00000000,0.00000308
1889,OOKIETH,OOKI,ETH,0.00000001,1000.00000000,0.00000293
1890,ROSEETH,ROSE,ETH,0.00000010,1000.00000000,0.00003590
1891,UMABUSD,UMA,BUSD,0.00100000,1000.00000000,1.78400000
1892,UNIETH,UNI,ETH,0.00000100,1000.00000000,0.00483500
1893,XTZETH,XTZ,ETH,0.00000100,1000.00000000,0.00080300
1894,LOKABTC,LOKA,BTC,0.00000001,1000.00000000,0.00002605
1895,LOKABNB,LOKA,BNB,0.00000010,1000.00000000,0.00153455
1896,LOKABUSD,LOKA,BUSD,0.00010000,1000.00000000,0.43780000
1898,ATOMBRL,ATOM,BRL,0.01000000,100000.00000000,50.80000000
1900,CRVETH,CRV,ETH,0.00000100,1000.00000000,0.00053750
1901,HIGHBNB,HIGH,BNB,0.00000100,1000.00000000,0.00428250
1902,NEARRUB,NEAR,RUB,0.10000000,92233.00000000,106.45000000
1903,ROSETRY,ROSE,TRY,0.00100000,1000.00000000,0.83650000
1904,SCRTUSDT,SCRT,USDT,0.00100000,1000.00000000,0.78500000
1905,API3BTC,API3,BTC,0.00000001,1000.00000000,0.00008384
1906,API3BUSD,API3,BUSD,0.00100000,1000.00000000,1.41100000
1907,API3USDT,API3,USDT,0.00100000,1000.00000000,1.41000000
1908,BTTCUSDT,BTTC,USDT,0.00000001,0.10000000,0.00000066
1910,BTTCTRY,BTTC,TRY,0.00000001,0.10000000,0.00001267
1911,ACABTC,ACA,BTC,0.00000001,1000.00000000,0.00000768
1912,ACABUSD,ACA,BUSD,0.00010000,1000.00000000,0.12900000
1914,ANCBTC,ANC,BTC,0.00000001,1000.00000000,0.00000308
1915,ANCBUSD,ANC,BUSD,0.00001000,1000.00000000,0.05195500
1916,ANCUSDT,ANC,USDT,0.00001000,1000.00000000,0.05195500
1917,BDOTDOT,BDOT,DOT,0.00010000,1000.00000000,0.74210000
1918,XNOBTC,XNO,BTC,0.00000001,1000.00000000,0.00004578
1919,XNOETH,XNO,ETH,0.00000010,1000.00000000,0.00062635
1920,XNOBUSD,XNO,BUSD,0.00100000,1000.00000000,0.77050000
1921,XNOUSDT,XNO,USDT,0.00100000,1000.00000000,0.77100000
1922,COSTRY,COS,TRY,0.00010000,1000.00000000,0.09370000
1923,KAVAETH,KAVA,ETH,0.00000100,1000.00000000,0.00068300
1924,MCBNB,MC,BNB,0.00000100,1000.00000000,0.00140700
1925,ONETRY,ONE,TRY,0.00100000,1000.00000000,0.26800000
1926,WOOBTC,WOO,BTC,0.00000001,1000.00000000,0.00000694
1927,WOOBNB,WOO,BNB,0.00000100,1000.00000000,0.00040850
1928,WOOBUSD,WOO,BUSD,0.00010000,1000.00000000,0.11680000
1929,WOOUSDT,WOO,USDT,0.00010000,1000.00000000,0.11675000
1930,CELRETH,CELR,ETH,0.00000001,1000.00000000,0.00000970
1931,PEOPLEBNB,PEOPLE,BNB,0.00000001,1000.00000000,0.00008616
1932,SLPBNB,SLP,BNB,0.00000001,1000.00000000,0.00000880
1934,SPELLTRY,SPELL,TRY,0.00001000,1000.00000000,0.01178500
1935,TFUELBUSD,TFUEL,BUSD,0.00010000,1000.00000000,0.04355000
1936,AXSTRY,AXS,TRY,0.10000000,100000.00000000,157.30000000
1937,DARTRY,DAR,TRY,0.01000000,10000.00000000,2.47500000
1938,NEARTRY,NEAR,TRY,0.01000000,100000.00000000,31.91500000
1939,IDEXBNB,IDEX,BNB,0.00000010,1000.00000000,0.00016565
1940,ALPINEEUR,ALPINE,EUR,0.00010000,1000.00000000,2.46040000
1941,ALPINETRY,ALPINE,TRY,0.01000000,1000.00000000,48.87000000
1942,ALPINEUSDT,ALPINE,USDT,0.00010000,1000.00000000,2.58470000
1943,ALPINEBTC,ALPINE,BTC,0.00000001,1000.00000000,0.00015358
1944,TUSDT,T,USDT,0.00010000,1000.00000000,0.01775000
1945,TBUSD,T,BUSD,0.00010000,1000.00000000,0.01785000
1947,BETAETH,BETA,ETH,0.00000010,1000.00000000,0.00006790
1948,INJTRY,INJ,TRY,0.01000000,10000.00000000,30.26500000
1950,ASTRBUSD,ASTR,BUSD,0.00010000,1000.00000000,0.04285000
1951,ASTRUSDT,ASTR,USDT,0.00010000,1000.00000000,0.04295000
1952,API3TRY,API3,TRY,0.01000000,10000.00000000,26.66500000
1953,GLMRBNB,GLMR,BNB,0.00000100,1000.00000000,0.00147750
1954,MBOXTRY,MBOX,TRY,0.01000000,10000.00000000,8.67500000
1957,GMTBTC,GMT,BTC,0.00000001,1000.00000000,0.00002406
1958,GMTBNB,GMT,BNB,0.00000100,1000.00000000,0.00141800
1959,GMTBUSD,GMT,BUSD,0.00010000,1000.00000000,0.40485000
1960,GMTUSDT,GMT,USDT,0.00010000,1000.00000000,0.40475000
1961,ANCBNB,ANC,BNB,0.00000010,1000.00000000,0.00018200
1962,ATOMEUR,ATOM,EUR,0.00100000,10000.00000000,9.18150000
1963,GALAEUR,GALA,EUR,0.00001000,1000.00000000,0.02456000
1964,KSMETH,KSM,ETH,0.00001000,1000.00000000,0.02435500
1965,UMATRY,UMA,TRY,0.10000000,100000.00000000,33.75000000
1966,KDABTC,KDA,BTC,0.00000010,1000.00000000,0.00005815
1967,KDABUSD,KDA,BUSD,0.00100000,1000.00000000,0.97900000
1969,APEUSDT,APE,USDT,0.00100000,1000.00000000,3.87550000
1970,APEBUSD,APE,BUSD,0.00100000,1000.00000000,3.87750000
1971,APEBTC,APE,BTC,0.00000001,1000.00000000,0.00023050
1972,ALPINEBUSD,ALPINE,BUSD,0.00010000,1000.00000000,2.58520000
1974,NEAREUR,NEAR,EUR,0.00100000,1000.00000000,1.60600000
1975,TWTTRY,TWT,TRY,0.01000000,10000.00000000,46.48500000
1976,WAVESEUR,WAVES,EUR,0.00100000,10000.00000000,2.23600000
1977,APEEUR,APE,EUR,0.00100000,1000.00000000,3.69050000
1979,APETRY,APE,TRY,0.10000000,100000.00000000,73.35000000
1980,BSWUSDT,BSW,USDT,0.00010000,1000.00000000,0.21130000
1981,BSWBUSD,BSW,BUSD,0.00010000,1000.00000000,0.21135000
1982,BSWBNB,BSW,BNB,0.00000010,1000.00000000,0.00074050
1983,APEBNB,APE,BNB,0.00001000,1000.00000000,0.01357000
1984,GMTBRL,GMT,BRL,0.00100000,1000.00000000,2.12400000
1985,GMTETH,GMT,ETH,0.00000010,1000.00000000,0.00032855
1986,JASMYTRY,JASMY,TRY,0.00000100,1000.00000000,0.07191450
1987,SANTOSBUSD,SANTOS,BUSD,0.00100000,1000.00000000,6.51300000
1988,APEAUD,APE,AUD,0.00100000,1000.00000000,5.76700000
1989,BIFIUSDT,BIFI,USDT,0.10000000,100000.00000000,359.20000000
1990,GMTEUR,GMT,EUR,0.00010000,1000.00000000,0.38495000
1991,IMXBNB,IMX,BNB,0.00000100,1000.00000000,0.00154550
1992,RUNEETH,RUNE,ETH,0.00000100,1000.00000000,0.00111300
1994,MULTIBTC,MULTI,BTC,0.00000010,1000.00000000,0.00022665
1995,MULTIBUSD,MULTI,BUSD,0.01000000,10000.00000000,3.81500000
1996,MULTIUSDT,MULTI,USDT,0.01000000,10000.00000000,3.81500000
1997,APEETH,APE,ETH,0.00000100,1000.00000000,0.00314800
1998,BSWETH,BSW,ETH,0.00000010,1000.00000000,0.00017140
1999,FILTRY,FIL,TRY,0.10000000,100000.00000000,82.75000000
2000,FTMEUR,FTM,EUR,0.00010000,10000.00000000,0.22140000
2002,ZILTRY,ZIL,TRY,0.00100000,10000.00000000,0.41450000
2003,GMTTRY,GMT,TRY,0.01000000,100000.00000000,7.65000000
2004,WAVESTRY,WAVES,TRY,0.10000000,999996.00000000,44.45000000
2006,ASTRBTC,ASTR,BTC,0.00000001,1000.00000000,0.00000255
2007,ASTRETH,ASTR,ETH,0.00000001,1000.00000000,0.00003481
2008,BSWTRY,BSW,TRY,0.01000000,10000.00000000,3.99500000
2010,FUNBNB,FUN,BNB,0.00000001,1000.00000000,0.00002230
2011,PORTOBUSD,PORTO,BUSD,0.00010000,1000.00000000,3.59180000
2012,STEEMUSDT,STEEM,USDT,0.00010000,1000.00000000,0.17160000
2014,APEBRL,APE,BRL,0.01000000,100000.00000000,20.37000000
2015,AUDIOTRY,AUDIO,TRY,0.00100000,10000.00000000,2.87600000
2016,BTTCBUSD,BTTC,BUSD,0.00000001,0.10000000,0.00000068
2017,GMTAUD,GMT,AUD,0.00010000,1000.00000000,0.59935000
2018,MBLBUSD,MBL,BUSD,0.00000100,1000.00000000,0.00263500
2019,MOBUSDT,MOB,USDT,0.00100000,1000.00000000,1.14550000
2020,MOBBUSD,MOB,BUSD,0.00100000,1000.00000000,1.14550000
2021,MOBBTC,MOB,BTC,0.00000001,1000.00000000,0.00006810
2022,NEXOUSDT,NEXO,USDT,0.00100000,1000.00000000,0.66600000
2023,NEXOBUSD,NEXO,BUSD,0.00100000,1000.00000000,0.66500000
2024,NEXOBTC,NEXO,BTC,0.00000001,1000.00000000,0.00003950
2025,REIUSDT,REI,USDT,0.00010000,1000.00000000,0.02415000
2026,REIBNB,REI,BNB,0.00000010,1000.00000000,0.00008455
2027,REIETH,REI,ETH,0.00000001,1000.00000000,0.00001959
2028,GALUSDT,GAL,USDT,0.00100000,1000.00000000,1.41050000
2029,GALBUSD,GAL,BUSD,0.00100000,1000.00000000,1.41150000
2030,GALBNB,GAL,BNB,0.00000100,1000.00000000,0.00493550
2031,GALBTC,GAL,BTC,0.00000001,1000.00000000,0.00008392
2032,JASMYEUR,JASMY,EUR,0.00000100,1000.00000000,0.00361900
2033,KNCBNB,KNC,BNB,0.00000100,1000.00000000,0.00219400
2035,GALEUR,GAL,EUR,0.00100000,1000.00000000,1.34050000
2036,GALTRY,GAL,TRY,0.10000000,100000.00000000,26.65000000
2037,LDOBUSD,LDO,BUSD,0.00100000,1000.00000000,1.01250000
2038,LDOUSDT,LDO,USDT,0.00100000,1000.00000000,1.01250000
2039,LDOBTC,LDO,BTC,0.00000001,1000.00000000,0.00006016
2040,ENSTRY,ENS,TRY,0.10000000,100000.00000000,254.00000000
2041,DAREUR,DAR,EUR,0.00001000,1000.00000000,0.12671500
2042,DARETH,DAR,ETH,0.00000010,1000.00000000,0.00010630
2043,ALGOETH,ALGO,ETH,0.00000010,1000.00000000,0.00018125
2044,ALGOTRY,ALGO,TRY,0.00100000,1000.00000000,4.22200000
2045,GALETH,GAL,ETH,0.00000100,1000.00000000,0.00114500
2046,EPXUSDT,EPX,USDT,0.00000100,100.00000000,0.00032850
2047,EPXBUSD,EPX,BUSD,0.00000100,100.00000000,0.00032850
2048,RUNETRY,RUNE,TRY,0.01000000,10000.00000000,25.91000000
2049,GALBRL,GAL,BRL,0.01000000,10000.00000000,7.39500000
2050,STEEMBUSD,STEEM,BUSD,0.00010000,1000.00000000,0.17165000
2051,CVCBUSD,CVC,BUSD,0.00010000,1000.00000000,0.09610000
2052,REIBUSD,REI,BUSD,0.00010000,1000.00000000,0.02415000
2053,DREPBUSD,DREP,BUSD,0.00010000,1000.00000000,0.30195000
2054,AKROBUSD,AKRO,BUSD,0.00001000,1000.00000000,0.00299500
2055,PUNDIXBUSD,PUNDIX,BUSD,0.00100000,10000.00000000,0.37950000
2056,LUNCBUSD,LUNC,BUSD,0.00000001,10.00000000,0.00016664
2057,USTCBUSD,USTC,BUSD,0.00000001,1000.00000000,0.02125253
2058,OPBTC,OP,BTC,0.00000001,1000.00000000,0.00006052
2059,OPBUSD,OP,BUSD,0.00100000,1000.00000000,1.01850000
2060,OPUSDT,OP,USDT,0.00100000,1000.00000000,1.01850000
2061,OGBUSD,OG,BUSD,0.00100000,10000.00000000,3.17600000
2062,KEYBUSD,KEY,BUSD,0.00000100,1000.00000000,0.00353750
2063,ASRBUSD,ASR,BUSD,0.00100000,10000.00000000,2.68450000
2064,FIROBUSD,FIRO,BUSD,0.00100000,10000.00000000,1.84050000
2065,NKNBUSD,NKN,BUSD,0.00010000,1000.00000000,0.08105000
2066,OPBNB,OP,BNB,0.00000100,1000.00000000,0.00356950
2067,OPEUR,OP,EUR,0.00100000,1000.00000000,0.97350000
2068,GTOBUSD,GTO,BUSD,0.00001000,1000.00000000,0.01631000
2069,SNXETH,SNX,ETH,0.00000100,1000.00000000,0.00158700
2070,WBTCBUSD,WBTC,BUSD,0.01000000,1000000.00000000,16791.31500000
2071,BELETH,BEL,ETH,0.00000010,1000.00000000,0.00037130
2072,LITETH,LIT,ETH,0.00000010,1000.00000000,0.00068960
2073,LEVERUSDT,LEVER,USDT,0.00000100,100.00000000,0.00219350
2074,LEVERBUSD,LEVER,BUSD,0.00000100,100.00000000,0.00219450
2075,BURGERETH,BURGER,ETH,0.00000100,1000.00000000,0.00050250
2076,PEOPLEETH,PEOPLE,ETH,0.00000001,1000.00000000,0.00001998
2077,UNFIETH,UNFI,ETH,0.00000100,1000.00000000,0.00397300
2078,BONDETH,BOND,ETH,0.00000100,1000.00000000,0.00317750
2079,STORJTRY,STORJ,TRY,0.01000000,10000.00000000,5.94500000
2080,OPETH,OP,ETH,0.00000100,100.00000000,0.00082700
2081,ETCTRY,ETC,TRY,0.10000000,100000.00000000,355.95000000
2082,WINGETH,WING,ETH,0.00000100,100.00000000,0.00526650
2083,FILETH,FIL,ETH,0.00000100,100.00000000,0.00355050
2084,GLMBUSD,GLM,BUSD,0.00010000,1000.00000000,0.21995000
2085,SSVBUSD,SSV,BUSD,0.01000000,10000.00000000,10.23500000
2086,STGBTC,STG,BTC,0.00000001,100.00000000,0.00002403
2087,STGBUSD,STG,BUSD,0.00010000,100.00000000,0.40420000
2088,STGUSDT,STG,USDT,0.00010000,100.00000000,0.40420000
2089,ANKRTRY,ANKR,TRY,0.00010000,1000.00000000,0.39495000
2090,ARKBUSD,ARK,BUSD,0.00010000,1000.00000000,0.25800000
2091,BETHBUSD,BETH,BUSD,0.01000000,1000000.00000000,1203.34000000
2092,LOOMBUSD,LOOM,BUSD,0.00001000,1000.00000000,0.04803000
2093,SNMBUSD,SNM,BUSD,0.00010000,1000.00000000,0.68995000
2094,AMBBUSD,AMB,BUSD,0.00001000,100.00000000,0.01214500
2095,LUNCUSDT,LUNC,USDT,0.00000001,10.00000000,0.00016662
2096,PHBBUSD,PHB,BUSD,0.00010000,1000.00000000,0.66575000
2097,GASBUSD,GAS,BUSD,0.00100000,1000.00000000,2.16700000
2098,NEBLBUSD,NEBL,BUSD,0.00100000,1000.00000000,1.87550000
2099,PROSBUSD,PROS,BUSD,0.00010000,1000.00000000,0.60060000
2100,VIBBUSD,VIB,BUSD,0.00001000,1000.00000000,0.07662500
2101,GMXBTC,GMX,BTC,0.00000100,100.00000000,0.00308850
2102,GMXBUSD,GMX,BUSD,0.01000000,10000.00000000,51.97000000
2103,GMXUSDT,GMX,USDT,0.01000000,10000.00000000,51.93500000
2104,AGIXBUSD,AGIX,BUSD,0.00001000,1000.00000000,0.04230000
2105,NEBLUSDT,NEBL,USDT,0.00100000,1000.00000000,1.87500000
2106,SNTBUSD,SNT,BUSD,0.00001000,1000.00000000,0.02232000
2107,POLYXBTC,POLYX,BTC,0.00000001,1000.00000000,0.00000972
2108,POLYXBUSD,POLYX,BUSD,0.00010000,1000.00000000,0.16350000
2109,POLYXUSDT,POLYX,USDT,0.00010000,1000.00000000,0.16335000
2110,APTBTC,APT,BTC,0.00000001,10.00000000,0.00028427
2111,APTUSDT,APT,USDT,0.00010000,1000.00000000,4.78205000
2112,APTBUSD,APT,BUSD,0.00010000,1000.00000000,4.78365000
2113,BTCPLN,BTC,PLN,1.00000000,9999319.00000000,75494.00000000
2114,ETHPLN,ETH,PLN,1.00000000,999996.00000000,5526.00000000
2115,BUSDPLN,BUSD,PLN,0.00100000,1000.00000000,4.48700000
2116,APTEUR,APT,EUR,0.00010000,1000.00000000,4.55260000
2117,APTTRY,APT,TRY,0.10000000,100000.00000000,90.40000000
2118,APTBRL,APT,BRL,0.01000000,10000.00000000,24.97500000
2119,QKCBUSD,QKC,BUSD,0.00000100,100.00000000,0.00858600
2120,OSMOBTC,OSMO,BTC,0.00000001,10.00000000,0.00005392
2121,OSMOUSDT,OSMO,USDT,0.00100000,1000.00000000,0.90650000
2122,OSMOBUSD,OSMO,BUSD,0.00100000,1000.00000000,0.90600000
2123,HFTBTC,HFT,BTC,0.00000001,1.00000000,0.00002799
2124,HFTBUSD,HFT,BUSD,0.00010000,1000.00000000,0.47090000
2125,HFTUSDT,HFT,USDT,0.00010000,1000.00000000,0.47095000
2126,ARPAETH,ARPA,ETH,0.00000001,100.00000000,0.00002248
2127,PHBUSDT,PHB,USDT,0.00010000,1000.00000000,0.66580000
2128,VITEBUSD,VITE,BUSD,0.00001000,1000.00000000,0.02434000
2129,HOOKBTC,HOOK,BTC,0.00000001,1.00000000,0.00014041
2130,HOOKUSDT,HOOK,USDT,0.00010000,1000.00000000,2.36140000
2131,HOOKBUSD,HOOK,BUSD,0.00010000,1000.00000000,2.36065000
2132,HOOKBNB,HOOK,BNB,0.00000010,100.00000000,0.00827195
